时间,价差买价,价差卖价,价差买量,价差卖量,IF2307.CFFEX买价,IF2307.CFFEX卖价,IF2307.CFFEX买量,IF2307.CFFEX卖量,IF2308.CFFEX买价,IF2308.CFFEX卖价,IF2308.CFFEX买量,IF2308.CFFEX卖量
2023-06-29 14:51:56.300848,-3.0,-1.800000000000182,0.0,0.0,3806.0,3806.2,1,1,3808.0,3809.0,1,1
2023-06-29 14:51:56.463986,-3.0,-1.6000000000003638,0.0,0.0,3806.0,3806.2,1,1,3807.8,3809.0,1,1
2023-06-29 14:51:56.807669,-3.199999999999818,-1.6000000000003638,0.0,0.0,3805.8,3806.2,4,3,3807.8,3809.0,1,1
2023-06-29 14:51:58.055061,-3.199999999999818,-1.800000000000182,0.0,0.0,3805.8,3806.0,2,1,3807.8,3809.0,1,1
2023-06-29 14:51:58.959528,-3.400000000000091,-1.800000000000182,0.0,0.0,3805.6,3806.0,5,3,3807.8,3809.0,1,1
2023-06-29 14:51:59.964665,-3.199999999999818,-1.800000000000182,0.0,0.0,3805.8,3806.0,1,1,3807.8,3809.0,1,1
2023-06-29 14:52:00.519180,-3.400000000000091,-1.6000000000003638,0.0,0.0,3805.6,3806.2,4,2,3807.8,3809.0,1,1
2023-06-29 14:52:01.338885,-3.599999999999909,-1.6000000000003638,0.0,0.0,3805.4,3806.2,5,2,3807.8,3809.0,1,1
2023-06-29 14:52:01.905214,-3.400000000000091,-1.800000000000182,0.0,0.0,3805.6,3806.0,1,5,3807.8,3809.0,1,1
2023-06-29 14:52:02.082572,-3.400000000000091,-1.599999999999909,0.0,0.0,3805.6,3806.0,1,5,3807.6,3809.0,1,1
2023-06-29 14:52:02.125573,-3.199999999999818,-1.599999999999909,0.0,0.0,3805.8,3806.0,1,5,3807.6,3809.0,1,1
2023-06-29 14:52:02.591092,-3.0,-1.599999999999909,0.0,0.0,3805.8,3806.0,1,5,3807.6,3808.8,1,1
2023-06-29 14:52:02.595089,-3.400000000000091,-2.0,0.0,0.0,3805.4,3805.6,4,1,3807.6,3808.8,1,1
2023-06-29 14:52:03.709975,-3.400000000000091,-1.800000000000182,0.0,0.0,3805.4,3805.6,3,2,3807.4,3808.8,1,1
2023-06-29 14:52:04.058911,-3.400000000000091,-1.599999999999909,0.0,0.0,3805.4,3805.8,2,2,3807.4,3808.8,1,1
2023-06-29 14:52:04.104995,-3.600000000000364,-1.800000000000182,0.0,0.0,3805.2,3805.6,8,2,3807.4,3808.8,1,1
2023-06-29 14:52:04.583476,-3.400000000000091,-1.800000000000182,0.0,0.0,3805.4,3805.6,1,2,3807.4,3808.8,1,1
2023-06-29 14:52:05.061162,-3.600000000000364,-1.800000000000182,0.0,0.0,3805.2,3805.6,8,1,3807.4,3808.8,1,1
2023-06-29 14:52:05.494698,-3.200000000000273,-1.7999999999997272,0.0,0.0,3805.6,3805.8,2,2,3807.6,3808.8,1,1
2023-06-29 14:52:06.502382,-3.200000000000273,-2.0,0.0,0.0,3805.6,3805.8,2,2,3807.8,3808.8,1,1
2023-06-29 14:52:07.487206,-3.400000000000091,-2.0,0.0,0.0,3805.6,3805.8,2,2,3807.8,3809.0,1,1
2023-06-29 14:52:08.085859,-4.200000000000273,-2.0,0.0,0.0,3805.6,3805.8,1,1,3807.8,3809.8,1,5
2023-06-29 14:52:08.547361,-3.800000000000182,-2.0,0.0,0.0,3805.6,3806.0,1,3,3808.0,3809.4,1,1
2023-06-29 14:52:09.098902,-3.599999999999909,-2.0,0.0,0.0,3805.8,3806.0,2,4,3808.0,3809.4,1,1
2023-06-29 14:52:12.067166,-3.399999999999636,-2.0,0.0,0.0,3805.8,3806.0,2,4,3808.0,3809.2,1,1
2023-06-29 14:52:12.071197,-3.199999999999818,-1.800000000000182,0.0,0.0,3806.0,3806.2,7,3,3808.0,3809.2,1,1
2023-06-29 14:52:12.603743,-3.599999999999909,-1.800000000000182,0.0,0.0,3806.0,3806.2,7,3,3808.0,3809.6,1,2
2023-06-29 14:52:13.584070,-3.400000000000091,-1.800000000000182,0.0,0.0,3806.0,3806.2,4,3,3808.0,3809.4,1,1
2023-06-29 14:52:14.553769,-3.400000000000091,-2.0,0.0,0.0,3806.0,3806.2,13,1,3808.2,3809.4,1,1
2023-06-29 14:52:14.557790,-3.200000000000273,-1.7999999999997272,0.0,0.0,3806.2,3806.4,4,9,3808.2,3809.4,1,1
2023-06-29 14:52:15.510341,-3.400000000000091,-1.7999999999997272,0.0,0.0,3806.2,3806.4,24,10,3808.2,3809.6,1,2
2023-06-29 14:52:15.511342,-3.199999999999818,-1.599999999999909,0.0,0.0,3806.4,3806.6,1,1,3808.2,3809.6,1,2
2023-06-29 14:52:16.025998,-3.199999999999818,-2.0,0.0,0.0,3806.4,3806.6,1,1,3808.6,3809.6,1,2
2023-06-29 14:52:16.028995,-3.0,-1.7999999999997272,0.0,0.0,3806.6,3806.8,2,4,3808.6,3809.6,1,2
2023-06-29 14:52:16.512793,-3.200000000000273,-1.7999999999997272,1.0,0.0,3806.6,3806.8,2,4,3808.6,3809.8,1,5
2023-06-29 14:52:17.857193,-3.200000000000273,-1.599999999999909,1.0,0.0,3806.6,3807.0,3,4,3808.6,3809.8,1,5
2023-06-29 14:52:19.095066,-3.0,-1.599999999999909,0.0,0.0,3806.8,3807.0,1,2,3808.6,3809.8,1,5
2023-06-29 14:52:19.565698,-3.200000000000273,-1.599999999999909,1.0,0.0,3806.6,3807.0,10,1,3808.6,3809.8,1,5
2023-06-29 14:52:20.359646,-3.0,-1.599999999999909,0.0,0.0,3806.8,3807.0,1,1,3808.6,3809.8,1,5
2023-06-29 14:52:20.522753,-3.0,-1.199999999999818,0.0,0.0,3806.8,3807.4,1,1,3808.6,3809.8,1,5
2023-06-29 14:52:21.299648,-3.0,-1.0,0.0,0.0,3806.8,3807.6,1,2,3808.6,3809.8,1,5
2023-06-29 14:52:21.581793,-3.0,-1.199999999999818,0.0,0.0,3806.8,3807.4,1,7,3808.6,3809.8,1,5
2023-06-29 14:52:21.988907,-2.600000000000364,-1.199999999999818,0.0,1.0,3807.2,3807.4,1,4,3808.6,3809.8,4,5
2023-06-29 14:52:22.480312,-2.600000000000364,-1.400000000000091,0.0,0.0,3807.2,3807.4,1,4,3808.8,3809.8,1,4
2023-06-29 14:52:22.834444,-3.200000000000273,-1.6000000000003638,1.0,0.0,3806.6,3807.2,10,1,3808.8,3809.8,1,4
2023-06-29 14:52:23.048632,-2.600000000000364,-1.400000000000091,0.0,0.0,3807.2,3807.4,1,4,3808.8,3809.8,2,4
2023-06-29 14:52:24.063728,-3.0,-1.800000000000182,1.0,0.0,3806.8,3807.0,2,1,3808.8,3809.8,2,4
2023-06-29 14:52:24.649316,-2.800000000000182,-1.400000000000091,1.0,0.0,3807.0,3807.4,2,3,3808.8,3809.8,2,4
2023-06-29 14:52:25.076036,-2.800000000000182,-1.6000000000003638,0.0,0.0,3807.0,3807.2,1,1,3808.8,3809.8,2,4
2023-06-29 14:52:25.689989,-3.0,-1.800000000000182,1.0,0.0,3806.8,3807.0,2,2,3808.8,3809.8,2,4
2023-06-29 14:52:27.037532,-3.0,-2.0,1.0,0.0,3806.8,3807.0,2,2,3809.0,3809.8,1,4
2023-06-29 14:52:27.836886,-3.200000000000273,-2.0,1.0,0.0,3806.6,3807.0,10,4,3809.0,3809.8,1,4
2023-06-29 14:52:27.986603,-3.200000000000273,-1.599999999999909,1.0,0.0,3806.6,3807.0,10,4,3808.6,3809.8,1,4
2023-06-29 14:52:27.988577,-3.0,-1.599999999999909,0.0,0.0,3806.8,3807.0,1,4,3808.6,3809.8,1,4
2023-06-29 14:52:28.892493,-3.200000000000273,-1.599999999999909,1.0,0.0,3806.6,3807.0,8,4,3808.6,3809.8,1,4
2023-06-29 14:52:29.486532,-3.200000000000273,-1.800000000000182,1.0,0.0,3806.6,3807.0,8,4,3808.8,3809.8,1,4
2023-06-29 14:52:30.775190,-3.0,-1.800000000000182,0.0,0.0,3806.8,3807.0,1,6,3808.8,3809.8,2,4
2023-06-29 14:52:31.024366,-2.799999999999727,-1.800000000000182,0.0,0.0,3806.8,3807.0,1,6,3808.8,3809.6,2,1
2023-06-29 14:52:31.027356,-3.0,-1.800000000000182,0.0,0.0,3806.6,3807.0,9,3,3808.8,3809.6,2,1
2023-06-29 14:52:31.703536,-3.200000000000273,-1.800000000000182,1.0,0.0,3806.6,3807.0,9,3,3808.8,3809.8,2,4
2023-06-29 14:52:31.742078,-3.0,-1.400000000000091,1.0,0.0,3806.8,3807.4,5,4,3808.8,3809.8,2,4
2023-06-29 14:52:32.751476,-3.0,-1.6000000000003638,1.0,0.0,3806.8,3807.2,2,5,3808.8,3809.8,2,4
2023-06-29 14:52:32.986857,-2.800000000000182,-1.6000000000003638,0.0,0.0,3807.0,3807.2,1,4,3808.8,3809.8,2,4
2023-06-29 14:52:33.463993,-2.800000000000182,-1.800000000000182,0.0,0.0,3807.0,3807.2,1,4,3809.0,3809.8,1,4
2023-06-29 14:52:33.501284,-2.800000000000182,-1.599999999999909,0.0,0.0,3807.0,3807.4,1,4,3809.0,3809.8,1,4
2023-06-29 14:52:35.973185,-3.0,-1.599999999999909,1.0,0.0,3806.8,3807.4,13,2,3809.0,3809.8,1,4
2023-06-29 14:52:36.983247,-2.799999999999727,-1.599999999999909,0.0,0.0,3806.8,3807.4,13,1,3809.0,3809.6,1,1
2023-06-29 14:52:36.985247,-2.599999999999909,-1.800000000000182,0.0,0.0,3807.0,3807.2,1,3,3809.0,3809.6,1,1
2023-06-29 14:52:37.517238,-2.799999999999727,-1.800000000000182,0.0,0.0,3806.8,3807.2,11,3,3809.0,3809.6,1,1
2023-06-29 14:52:38.545480,-3.0,-1.6000000000003638,1.0,0.0,3806.8,3807.2,10,3,3808.8,3809.8,1,4
2023-06-29 14:52:38.959894,-2.800000000000182,-1.6000000000003638,0.0,0.0,3807.0,3807.2,1,4,3808.8,3809.8,1,4
2023-06-29 14:52:41.317544,-3.0,-1.6000000000003638,1.0,1.0,3806.8,3807.2,10,3,3808.8,3809.8,3,4
2023-06-29 14:52:41.473746,-2.800000000000182,-1.6000000000003638,0.0,1.0,3807.0,3807.2,1,3,3808.8,3809.8,3,4
2023-06-29 14:52:42.063040,-2.800000000000182,-1.800000000000182,0.0,0.0,3807.0,3807.2,1,2,3809.0,3809.8,1,4
2023-06-29 14:52:43.266500,-2.800000000000182,-1.599999999999909,1.0,0.0,3807.0,3807.4,4,4,3809.0,3809.8,1,4
2023-06-29 14:52:43.592914,-2.600000000000364,-1.599999999999909,1.0,0.0,3807.2,3807.4,2,4,3809.0,3809.8,1,4
2023-06-29 14:52:44.047331,-2.800000000000182,-1.7999999999997272,0.0,0.0,3807.0,3807.4,1,4,3809.2,3809.8,1,4
2023-06-29 14:52:44.559479,-3.0,-1.7999999999997272,1.0,0.0,3806.8,3807.4,3,4,3809.2,3809.8,1,4
2023-06-29 14:52:46.511499,-3.0,-2.199999999999818,1.0,0.0,3806.8,3807.0,3,1,3809.2,3809.8,1,4
2023-06-29 14:52:47.571653,-3.0,-1.599999999999909,1.0,0.0,3806.8,3807.4,3,5,3809.0,3809.8,1,4
2023-06-29 14:52:48.271640,-3.0,-1.400000000000091,1.0,0.0,3806.8,3807.6,3,4,3809.0,3809.8,1,4
2023-06-29 14:52:48.516870,-4.799999999999727,-1.400000000000091,0.0,0.0,3806.8,3807.6,3,4,3809.0,3811.6,1,1
2023-06-29 14:52:49.080086,-4.399999999999636,-1.599999999999909,0.0,1.0,3806.8,3807.6,3,4,3809.2,3811.2,5,1
2023-06-29 14:52:49.430634,-4.0,-1.599999999999909,0.0,1.0,3807.2,3807.6,1,4,3809.2,3811.2,5,1
2023-06-29 14:52:49.586251,-3.800000000000182,-1.599999999999909,0.0,0.0,3807.2,3807.6,1,4,3809.2,3811.0,2,1
2023-06-29 14:52:49.931934,-3.800000000000182,-1.7999999999997272,0.0,0.0,3807.2,3807.4,2,1,3809.2,3811.0,2,1
2023-06-29 14:52:50.035908,-3.600000000000364,-1.7999999999997272,0.0,0.0,3807.2,3807.4,2,1,3809.2,3810.8,2,1
2023-06-29 14:52:50.614669,-3.400000000000091,-1.800000000000182,0.0,0.0,3807.2,3807.6,1,11,3809.4,3810.6,1,1
2023-06-29 14:52:51.160952,-3.199999999999818,-1.599999999999909,0.0,0.0,3807.4,3807.6,1,13,3809.2,3810.6,2,1
2023-06-29 14:52:51.992558,-3.799999999999727,-1.7999999999997272,0.0,0.0,3806.8,3807.4,7,6,3809.2,3810.6,2,1
2023-06-29 14:52:52.534900,-3.400000000000091,-1.7999999999997272,0.0,0.0,3807.2,3807.4,1,5,3809.2,3810.6,2,1
2023-06-29 14:52:53.045280,-3.799999999999727,-1.7999999999997272,0.0,0.0,3806.8,3807.4,3,2,3809.2,3810.6,2,1
2023-06-29 14:52:53.784456,-3.400000000000091,-1.7999999999997272,0.0,0.0,3807.2,3807.4,1,2,3809.2,3810.6,2,1
2023-06-29 14:52:54.032407,-3.599999999999909,-1.7999999999997272,0.0,0.0,3807.0,3807.4,1,2,3809.2,3810.6,2,1
2023-06-29 14:52:54.976709,-3.599999999999909,-2.0,0.0,0.0,3807.0,3807.2,3,1,3809.2,3810.6,2,1
2023-06-29 14:52:55.991422,-3.599999999999909,-2.200000000000273,0.0,0.0,3807.0,3807.2,1,1,3809.4,3810.6,1,1
2023-06-29 14:52:58.459686,-3.599999999999909,-2.0,0.0,0.0,3807.0,3807.2,2,1,3809.2,3810.6,1,1
2023-06-29 14:52:59.489545,-3.599999999999909,-1.599999999999909,0.0,0.0,3807.0,3807.6,1,7,3809.2,3810.6,1,1
2023-06-29 14:53:00.036684,-4.0,-2.199999999999818,0.0,0.0,3806.6,3807.0,5,2,3809.2,3810.6,1,1
2023-06-29 14:53:00.837826,-3.400000000000091,-1.7999999999997272,0.0,0.0,3807.2,3807.4,2,4,3809.2,3810.6,1,1
2023-06-29 14:53:00.974116,-3.400000000000091,-1.0,0.0,0.0,3807.2,3807.4,2,4,3808.4,3810.6,1,1
2023-06-29 14:53:01.616251,-3.599999999999909,-1.400000000000091,0.0,0.0,3806.8,3807.4,4,6,3808.8,3810.4,2,1
2023-06-29 14:53:02.062889,-3.799999999999727,-1.599999999999909,0.0,0.0,3806.8,3807.4,4,6,3809.0,3810.6,1,1
2023-06-29 14:53:02.587471,-3.599999999999909,-1.7999999999997272,0.0,0.0,3806.8,3807.4,4,5,3809.2,3810.4,1,1
2023-06-29 14:53:03.059205,-3.599999999999909,-2.199999999999818,0.0,0.0,3806.8,3807.0,4,1,3809.2,3810.4,1,1
2023-06-29 14:53:04.085466,-3.599999999999909,-1.7999999999997272,0.0,0.0,3806.8,3807.4,4,6,3809.2,3810.4,1,1
2023-06-29 14:53:04.832936,-3.800000000000182,-2.399999999999636,0.0,0.0,3806.6,3806.8,4,3,3809.2,3810.4,1,1
2023-06-29 14:53:05.029440,-3.800000000000182,-1.7999999999997272,0.0,1.0,3806.6,3806.8,4,3,3808.6,3810.4,5,1
2023-06-29 14:53:05.614941,-3.800000000000182,-2.199999999999818,0.0,0.0,3806.6,3806.8,1,4,3809.0,3810.4,1,1
2023-06-29 14:53:06.121650,-3.599999999999909,-1.800000000000182,0.0,0.0,3806.6,3807.2,3,3,3809.0,3810.2,1,1
2023-06-29 14:53:07.033079,-3.599999999999909,-2.0,0.0,0.0,3806.6,3807.0,3,1,3809.0,3810.2,1,1
2023-06-29 14:53:07.517985,-3.399999999999636,-2.0,0.0,0.0,3806.8,3807.0,1,1,3809.0,3810.2,1,1
2023-06-29 14:53:07.982426,-3.599999999999909,-2.0,0.0,0.0,3806.6,3807.0,1,6,3809.0,3810.2,1,1
2023-06-29 14:53:09.200619,-3.799999999999727,-2.199999999999818,0.0,0.0,3806.4,3806.8,4,5,3809.0,3810.2,1,1
2023-06-29 14:53:09.859359,-3.799999999999727,-2.400000000000091,0.0,0.0,3806.4,3806.6,1,6,3809.0,3810.2,1,1
2023-06-29 14:53:10.541638,-3.599999999999909,-2.400000000000091,0.0,0.0,3806.4,3806.6,3,5,3809.0,3810.0,1,1
2023-06-29 14:53:11.012071,-3.199999999999818,-2.400000000000091,0.0,0.0,3806.4,3806.6,1,10,3809.0,3809.6,1,1
2023-06-29 14:53:11.015971,-3.400000000000091,-2.400000000000091,0.0,0.0,3806.2,3806.6,24,9,3809.0,3809.6,1,1
2023-06-29 14:53:11.482569,-3.800000000000182,-2.0,0.0,0.0,3806.2,3806.6,24,9,3808.6,3810.0,2,1
2023-06-29 14:53:11.991280,-3.599999999999909,-2.0,0.0,0.0,3806.4,3806.6,1,9,3808.6,3810.0,2,1
2023-06-29 14:53:13.056401,-4.199999999999818,-2.0,0.0,0.0,3806.4,3806.6,3,9,3808.6,3810.6,2,2
2023-06-29 14:53:13.502200,-3.599999999999909,-2.200000000000273,0.0,0.0,3806.4,3806.6,3,9,3808.8,3810.0,2,1
2023-06-29 14:53:14.269675,-4.199999999999818,-2.200000000000273,0.0,0.0,3806.4,3806.6,3,10,3808.8,3810.6,2,2
2023-06-29 14:53:14.555737,-4.0,-2.400000000000091,0.0,0.0,3806.4,3806.6,3,7,3809.0,3810.4,1,2
2023-06-29 14:53:15.138010,-3.799999999999727,-2.599999999999909,0.0,0.0,3806.4,3806.6,3,7,3809.2,3810.2,1,1
2023-06-29 14:53:17.160205,-2.799999999999727,-2.400000000000091,0.0,0.0,3806.4,3806.6,3,6,3809.0,3809.2,1,1
2023-06-29 14:53:17.626384,-3.799999999999727,-2.599999999999909,0.0,0.0,3806.4,3806.6,3,7,3809.2,3810.2,1,1
2023-06-29 14:53:18.095904,-3.599999999999909,-2.400000000000091,0.0,0.0,3806.4,3806.6,3,5,3809.0,3810.0,1,1
2023-06-29 14:53:20.516050,-3.800000000000182,-2.599999999999909,0.0,0.0,3806.2,3806.4,27,5,3809.0,3810.0,1,1
2023-06-29 14:53:23.505313,-3.600000000000364,-2.599999999999909,0.0,0.0,3806.2,3806.4,26,12,3809.0,3809.8,1,1
2023-06-29 14:53:24.040232,-3.800000000000182,-2.599999999999909,0.0,0.0,3806.2,3806.4,26,12,3809.0,3810.0,1,1
2023-06-29 14:53:25.012067,-4.0,-2.599999999999909,0.0,0.0,3806.2,3806.4,22,7,3809.0,3810.2,1,2
2023-06-29 14:53:25.529887,-3.600000000000364,-2.599999999999909,0.0,0.0,3806.2,3806.4,23,6,3809.0,3809.8,1,1
2023-06-29 14:53:26.378016,-3.600000000000364,-2.400000000000091,0.0,0.0,3806.2,3806.6,24,3,3809.0,3809.8,1,1
2023-06-29 14:53:27.053327,-3.400000000000091,-2.400000000000091,0.0,0.0,3806.4,3806.6,4,2,3809.0,3809.8,1,1
2023-06-29 14:53:27.817581,-3.400000000000091,-2.199999999999818,0.0,0.0,3806.4,3806.8,2,1,3809.0,3809.8,1,1
2023-06-29 14:53:28.973553,-3.0,-2.0,0.0,0.0,3806.8,3807.0,1,7,3809.0,3809.8,1,1
2023-06-29 14:53:29.518780,-3.400000000000091,-2.199999999999818,0.0,0.0,3806.4,3806.8,1,1,3809.0,3809.8,1,1
2023-06-29 14:53:31.236227,-3.400000000000091,-2.0,0.0,0.0,3806.4,3807.0,2,8,3809.0,3809.8,2,1
2023-06-29 14:53:31.515782,-3.400000000000091,-2.199999999999818,0.0,0.0,3806.4,3807.0,1,9,3809.2,3809.8,1,1
2023-06-29 14:53:31.973752,-3.200000000000273,-2.199999999999818,0.0,0.0,3806.6,3807.0,1,10,3809.2,3809.8,1,1
2023-06-29 14:53:32.444457,-3.400000000000091,-2.199999999999818,0.0,0.0,3806.4,3807.0,2,10,3809.2,3809.8,1,1
2023-06-29 14:53:32.987485,-3.200000000000273,-2.199999999999818,0.0,0.0,3806.6,3807.0,2,10,3809.2,3809.8,1,1
2023-06-29 14:53:33.456653,-3.200000000000273,-2.400000000000091,0.0,0.0,3806.6,3807.0,2,10,3809.4,3809.8,1,1
2023-06-29 14:53:33.484649,-3.200000000000273,-2.599999999999909,0.0,0.0,3806.6,3806.8,1,1,3809.4,3809.8,1,1
2023-06-29 14:53:33.997331,-3.200000000000273,-2.399999999999636,0.0,0.0,3806.6,3806.8,1,1,3809.2,3809.8,1,1
2023-06-29 14:53:34.349327,-3.200000000000273,-2.199999999999818,0.0,0.0,3806.6,3807.0,1,11,3809.2,3809.8,1,1
2023-06-29 14:53:35.491042,-3.0,-2.199999999999818,0.0,0.0,3806.8,3807.0,1,11,3809.2,3809.8,1,1
2023-06-29 14:53:35.995658,-3.0,-2.0,0.0,0.0,3806.8,3807.0,1,11,3809.0,3809.8,1,1
2023-06-29 14:53:37.022528,-3.400000000000091,-2.199999999999818,0.0,0.0,3806.4,3806.8,2,1,3809.0,3809.8,1,1
2023-06-29 14:53:37.489439,-3.200000000000273,-2.199999999999818,0.0,0.0,3806.6,3806.8,1,2,3809.0,3809.8,1,1
2023-06-29 14:53:39.558927,-3.200000000000273,-2.399999999999636,0.0,0.0,3806.6,3806.8,1,1,3809.2,3809.8,1,1
2023-06-29 14:53:39.990288,-3.200000000000273,-2.199999999999818,0.0,0.0,3806.6,3807.0,1,10,3809.2,3809.8,1,1
2023-06-29 14:53:40.464875,-3.200000000000273,-2.0,0.0,0.0,3806.6,3807.0,1,10,3809.0,3809.8,1,1
2023-06-29 14:53:41.455131,-3.200000000000273,-2.199999999999818,0.0,0.0,3806.6,3806.8,1,1,3809.0,3809.8,1,1
2023-06-29 14:53:42.241425,-3.0,-2.0,0.0,0.0,3806.8,3807.0,1,7,3809.0,3809.8,1,1
2023-06-29 14:53:42.987558,-3.200000000000273,-2.0,0.0,0.0,3806.6,3807.0,2,5,3809.0,3809.8,1,1
2023-06-29 14:53:43.049278,-3.200000000000273,-2.199999999999818,0.0,0.0,3806.6,3806.8,3,2,3809.0,3809.8,1,1
2023-06-29 14:53:44.025524,-3.200000000000273,-2.0,0.0,0.0,3806.6,3807.0,3,6,3809.0,3809.8,1,1
2023-06-29 14:53:44.506553,-3.400000000000091,-2.0,0.0,0.0,3806.4,3807.0,5,6,3809.0,3809.8,1,1
2023-06-29 14:53:45.291437,-3.400000000000091,-2.199999999999818,0.0,0.0,3806.4,3806.8,5,3,3809.0,3809.8,1,1
2023-06-29 14:53:45.769256,-3.200000000000273,-2.0,0.0,0.0,3806.6,3807.0,1,5,3809.0,3809.8,1,1
2023-06-29 14:53:46.044995,-3.400000000000091,-2.0,0.0,0.0,3806.4,3807.0,5,5,3809.0,3809.8,1,1
2023-06-29 14:53:46.596101,-3.0,-2.0,0.0,0.0,3806.8,3807.0,1,4,3809.0,3809.8,1,1
2023-06-29 14:53:47.297022,-3.400000000000091,-2.199999999999818,0.0,0.0,3806.4,3806.8,5,2,3809.0,3809.8,1,1
2023-06-29 14:53:47.553092,-3.400000000000091,-2.399999999999636,0.0,0.0,3806.4,3806.8,5,2,3809.2,3809.8,1,1
2023-06-29 14:53:48.014916,-3.200000000000273,-2.399999999999636,0.0,0.0,3806.6,3806.8,1,2,3809.2,3809.8,1,1
2023-06-29 14:53:49.020928,-3.400000000000091,-2.399999999999636,0.0,0.0,3806.4,3806.8,5,2,3809.2,3809.8,1,1
2023-06-29 14:53:49.484683,-3.400000000000091,-1.7999999999997272,0.0,0.0,3806.4,3806.8,5,2,3808.6,3809.8,2,1
2023-06-29 14:53:49.487691,-3.200000000000273,-1.7999999999997272,0.0,0.0,3806.6,3806.8,1,2,3808.6,3809.8,2,1
2023-06-29 14:53:50.042760,-3.200000000000273,-2.0,0.0,0.0,3806.6,3806.8,1,2,3808.8,3809.8,1,1
2023-06-29 14:53:50.044759,-3.400000000000091,-2.0,0.0,0.0,3806.4,3806.8,5,3,3808.8,3809.8,1,1
2023-06-29 14:53:50.515942,-3.400000000000091,-2.200000000000273,0.0,0.0,3806.4,3806.6,6,3,3808.8,3809.8,1,1
2023-06-29 14:53:50.996050,-3.400000000000091,-2.0,0.0,0.0,3806.4,3806.6,6,3,3808.6,3809.8,2,1
2023-06-29 14:53:51.845593,-3.600000000000364,-1.7999999999997272,0.0,0.0,3806.2,3806.8,22,3,3808.6,3809.8,1,1
2023-06-29 14:53:52.004966,-3.600000000000364,-2.199999999999818,0.0,0.0,3806.2,3806.4,22,10,3808.6,3809.8,1,1
2023-06-29 14:53:52.586114,-3.600000000000364,-1.199999999999818,0.0,0.0,3806.2,3806.4,22,9,3807.6,3809.8,1,1
2023-06-29 14:53:53.000276,-3.400000000000091,-1.7999999999997272,0.0,0.0,3806.2,3806.4,21,7,3808.2,3809.6,1,1
2023-06-29 14:53:53.569194,-3.600000000000364,-2.0,0.0,0.0,3806.2,3806.4,21,5,3808.4,3809.8,2,1
2023-06-29 14:53:55.472407,-3.600000000000364,-2.199999999999818,0.0,0.0,3806.2,3806.4,19,3,3808.6,3809.8,1,1
2023-06-29 14:53:55.473407,-3.400000000000091,-2.0,0.0,0.0,3806.4,3806.6,12,3,3808.6,3809.8,1,1
2023-06-29 14:53:56.024162,-3.400000000000091,-2.200000000000273,0.0,0.0,3806.4,3806.6,12,3,3808.8,3809.8,1,1
2023-06-29 14:53:56.509640,-3.400000000000091,-2.0,0.0,0.0,3806.4,3806.8,12,3,3808.8,3809.8,1,1
2023-06-29 14:53:57.012505,-3.400000000000091,-2.200000000000273,0.0,0.0,3806.4,3806.6,13,1,3808.8,3809.8,1,1
2023-06-29 14:53:57.763190,-3.400000000000091,-2.0,0.0,0.0,3806.4,3806.8,14,2,3808.8,3809.8,1,1
2023-06-29 14:53:58.517837,-3.400000000000091,-2.200000000000273,0.0,0.0,3806.4,3806.6,6,3,3808.8,3809.8,1,1
2023-06-29 14:53:58.981512,-3.400000000000091,-2.0,0.0,0.0,3806.4,3806.6,6,3,3808.6,3809.8,1,1
2023-06-29 14:53:59.325866,-3.600000000000364,-2.199999999999818,0.0,0.0,3806.2,3806.4,16,1,3808.6,3809.8,1,1
2023-06-29 14:53:59.505911,-3.600000000000364,-1.7999999999997272,0.0,0.0,3806.2,3806.4,16,1,3808.2,3809.8,1,1
2023-06-29 14:54:00.014064,-3.600000000000364,-1.800000000000182,0.0,0.0,3806.2,3806.6,17,1,3808.4,3809.8,1,1
2023-06-29 14:54:00.466147,-3.600000000000364,-2.0,0.0,0.0,3806.2,3806.6,17,1,3808.6,3809.8,1,1
2023-06-29 14:54:00.814954,-3.200000000000273,-1.7999999999997272,0.0,0.0,3806.6,3806.8,4,6,3808.6,3809.8,1,1
2023-06-29 14:54:01.462372,-3.400000000000091,-1.599999999999909,0.0,0.0,3806.4,3807.0,2,7,3808.6,3809.8,1,1
2023-06-29 14:54:02.250456,-3.200000000000273,-1.599999999999909,0.0,0.0,3806.6,3807.0,3,7,3808.6,3809.8,1,1
2023-06-29 14:54:02.446902,-3.200000000000273,-1.800000000000182,0.0,0.0,3806.6,3807.0,3,7,3808.8,3809.8,1,1
2023-06-29 14:54:02.794432,-3.0,-1.800000000000182,0.0,0.0,3806.8,3807.0,1,6,3808.8,3809.8,1,1
2023-06-29 14:54:03.433060,-3.200000000000273,-1.6000000000003638,0.0,0.0,3806.6,3807.2,4,3,3808.8,3809.8,1,1
2023-06-29 14:54:03.578688,-3.200000000000273,-1.800000000000182,0.0,0.0,3806.6,3807.2,4,3,3809.0,3809.8,2,1
2023-06-29 14:54:03.580684,-3.0,-1.800000000000182,0.0,0.0,3806.8,3807.2,2,4,3809.0,3809.8,2,1
2023-06-29 14:54:04.087285,-4.799999999999727,-1.800000000000182,1.0,0.0,3806.8,3807.2,2,4,3809.0,3811.6,2,3
2023-06-29 14:54:04.091270,-4.799999999999727,-1.599999999999909,1.0,0.0,3806.8,3807.4,2,1,3809.0,3811.6,2,3
2023-06-29 14:54:04.569908,-4.399999999999636,-2.0,1.0,0.0,3806.8,3807.4,2,1,3809.4,3811.2,1,3
2023-06-29 14:54:04.573923,-4.199999999999818,-2.0,1.0,0.0,3807.0,3807.4,3,1,3809.4,3811.2,1,3
2023-06-29 14:54:05.129164,-4.0,-2.0,0.0,0.0,3807.0,3807.4,1,1,3809.4,3811.0,1,1
2023-06-29 14:54:05.998412,-4.0,-2.200000000000273,0.0,0.0,3807.0,3807.6,1,3,3809.8,3811.0,2,1
2023-06-29 14:54:06.001411,-3.800000000000182,-2.200000000000273,0.0,0.0,3807.2,3807.6,2,3,3809.8,3811.0,2,1
2023-06-29 14:54:06.867030,-4.0,-2.200000000000273,0.0,0.0,3807.0,3807.6,1,3,3809.8,3811.0,2,1
2023-06-29 14:54:07.978966,-4.0,-2.400000000000091,0.0,0.0,3807.0,3807.4,1,1,3809.8,3811.0,1,1
2023-06-29 14:54:08.632228,-4.0,-2.0,0.0,0.0,3807.0,3807.4,1,1,3809.4,3811.0,1,2
2023-06-29 14:54:08.635243,-4.0,-1.800000000000182,0.0,0.0,3807.0,3807.6,1,1,3809.4,3811.0,1,2
2023-06-29 14:54:09.396618,-4.199999999999818,-2.0,0.0,0.0,3806.8,3807.4,2,4,3809.4,3811.0,1,2
2023-06-29 14:54:09.541029,-4.0,-2.0,0.0,0.0,3806.8,3807.4,2,4,3809.4,3810.8,1,1
2023-06-29 14:54:09.860216,-3.800000000000182,-2.0,0.0,0.0,3807.0,3807.4,1,1,3809.4,3810.8,1,1
2023-06-29 14:54:10.028227,-3.800000000000182,-2.200000000000273,0.0,0.0,3807.0,3807.2,1,1,3809.4,3810.8,1,1
2023-06-29 14:54:10.561504,-3.600000000000364,-1.800000000000182,0.0,0.0,3807.2,3807.6,2,4,3809.4,3810.8,1,1
2023-06-29 14:54:11.039107,-3.600000000000364,-2.0,0.0,0.0,3807.2,3807.6,2,4,3809.6,3810.8,2,1
2023-06-29 14:54:11.384637,-3.800000000000182,-2.199999999999818,0.0,0.0,3807.0,3807.4,1,1,3809.6,3810.8,2,1
2023-06-29 14:54:11.593451,-3.799999999999727,-2.0,0.0,0.0,3807.4,3807.6,2,4,3809.6,3811.2,2,1
2023-06-29 14:54:12.048046,-3.599999999999909,-2.200000000000273,0.0,0.0,3807.4,3807.6,2,4,3809.8,3811.0,2,1
2023-06-29 14:54:12.049987,-4.0,-2.200000000000273,0.0,0.0,3807.0,3807.6,1,1,3809.8,3811.0,2,1
2023-06-29 14:54:12.545157,-4.199999999999818,-2.200000000000273,0.0,0.0,3807.0,3807.6,1,1,3809.8,3811.2,2,1
2023-06-29 14:54:12.898743,-3.599999999999909,-2.0,0.0,0.0,3807.6,3807.8,1,6,3809.8,3811.2,2,1
2023-06-29 14:54:13.131659,-4.0,-2.0,0.0,0.0,3807.2,3807.8,2,8,3809.8,3811.2,2,1
2023-06-29 14:54:13.578356,-4.200000000000273,-2.0,0.0,0.0,3807.2,3807.8,2,8,3809.8,3811.4,2,2
2023-06-29 14:54:13.581358,-4.599999999999909,-2.0,0.0,0.0,3806.8,3807.8,1,8,3809.8,3811.4,2,2
2023-06-29 14:54:14.108888,-4.399999999999636,-2.0,0.0,0.0,3806.8,3807.8,1,8,3809.8,3811.2,2,2
2023-06-29 14:54:14.111889,-4.199999999999818,-2.200000000000273,0.0,0.0,3807.0,3807.6,7,4,3809.8,3811.2,2,2
2023-06-29 14:54:14.526101,-4.0,-2.200000000000273,0.0,0.0,3807.0,3807.6,7,4,3809.8,3811.0,2,1
2023-06-29 14:54:14.604493,-3.800000000000182,-2.200000000000273,0.0,0.0,3807.2,3807.6,1,4,3809.8,3811.0,2,1
2023-06-29 14:54:15.543354,-3.599999999999909,-2.200000000000273,0.0,0.0,3807.4,3807.6,1,1,3809.8,3811.0,2,1
2023-06-29 14:54:16.401282,-3.599999999999909,-2.0,0.0,0.0,3807.4,3807.8,2,9,3809.8,3811.0,2,1
2023-06-29 14:54:16.558460,-4.200000000000273,-2.400000000000091,1.0,0.0,3807.2,3807.4,4,1,3809.8,3811.4,2,3
2023-06-29 14:54:17.032418,-4.0,-2.400000000000091,1.0,0.0,3807.2,3807.4,4,1,3809.8,3811.2,2,3
2023-06-29 14:54:17.033417,-4.199999999999818,-2.0,1.0,0.0,3807.0,3807.8,3,7,3809.8,3811.2,2,3
2023-06-29 14:54:17.547058,-4.199999999999818,-2.400000000000091,1.0,0.0,3807.0,3807.4,3,1,3809.8,3811.2,1,3
2023-06-29 14:54:18.063709,-4.0,-2.199999999999818,0.0,0.0,3807.0,3807.4,3,1,3809.6,3811.0,1,1
2023-06-29 14:54:18.435610,-4.0,-2.400000000000091,0.0,0.0,3807.0,3807.2,2,1,3809.6,3811.0,1,1
2023-06-29 14:54:18.436612,-4.199999999999818,-2.400000000000091,0.0,0.0,3806.8,3807.2,2,1,3809.6,3811.0,1,1
2023-06-29 14:54:19.404991,-4.199999999999818,-2.599999999999909,0.0,0.0,3806.8,3807.0,1,1,3809.6,3811.0,1,2
2023-06-29 14:54:19.624066,-4.0,-2.0,0.0,0.0,3806.8,3807.0,1,1,3809.0,3810.8,1,2
2023-06-29 14:54:19.626061,-3.600000000000364,-1.599999999999909,0.0,0.0,3807.2,3807.4,1,1,3809.0,3810.8,1,2
2023-06-29 14:54:19.890526,-3.600000000000364,-2.0,0.0,0.0,3807.2,3807.4,1,1,3809.4,3810.8,1,1
2023-06-29 14:54:19.892524,-4.200000000000273,-2.200000000000273,0.0,0.0,3806.6,3807.2,3,5,3809.4,3810.8,1,1
2023-06-29 14:54:20.780578,-4.199999999999818,-2.200000000000273,0.0,0.0,3806.8,3807.2,2,6,3809.4,3811.0,1,1
2023-06-29 14:54:21.056637,-4.0,-2.400000000000091,0.0,0.0,3806.8,3807.2,2,6,3809.6,3810.8,1,1
2023-06-29 14:54:23.320360,-4.0,-2.599999999999909,0.0,0.0,3806.8,3807.0,1,1,3809.6,3810.8,1,1
2023-06-29 14:54:23.852099,-4.200000000000273,-2.799999999999727,0.0,0.0,3806.6,3806.8,3,1,3809.6,3810.8,1,1
2023-06-29 14:54:24.048321,-4.0,-2.399999999999636,0.0,0.0,3806.6,3806.8,3,1,3809.2,3810.6,1,1
2023-06-29 14:54:24.583597,-3.800000000000182,-2.599999999999909,1.0,0.0,3806.6,3806.8,3,1,3809.4,3810.4,1,3
2023-06-29 14:54:25.012826,-3.800000000000182,-2.399999999999636,0.0,0.0,3806.6,3806.8,1,1,3809.2,3810.4,1,3
2023-06-29 14:54:25.520580,-3.400000000000091,-2.0,0.0,0.0,3807.0,3807.2,1,4,3809.2,3810.4,1,3
2023-06-29 14:54:26.331149,-3.800000000000182,-2.399999999999636,0.0,0.0,3806.6,3806.8,1,2,3809.2,3810.4,1,3
2023-06-29 14:54:26.741216,-4.0,-2.199999999999818,1.0,0.0,3806.4,3807.0,12,7,3809.2,3810.4,1,3
2023-06-29 14:54:28.048843,-3.599999999999909,-2.399999999999636,0.0,0.0,3806.4,3806.8,11,1,3809.2,3810.0,1,1
2023-06-29 14:54:28.538923,-3.599999999999909,-2.199999999999818,0.0,0.0,3806.4,3807.0,11,8,3809.2,3810.0,1,1
2023-06-29 14:54:29.238171,-3.400000000000091,-2.199999999999818,0.0,0.0,3806.6,3807.0,1,9,3809.2,3810.0,1,1
2023-06-29 14:54:30.365443,-3.599999999999909,-2.199999999999818,0.0,0.0,3806.4,3807.0,11,8,3809.2,3810.0,1,1
2023-06-29 14:54:31.094171,-3.599999999999909,-2.599999999999909,0.0,0.0,3806.4,3806.6,11,2,3809.2,3810.0,1,1
2023-06-29 14:54:31.694520,-3.599999999999909,-2.400000000000091,0.0,0.0,3806.4,3806.6,11,2,3809.0,3810.0,1,1
2023-06-29 14:54:32.113381,-3.599999999999909,-2.0,0.0,1.0,3806.4,3806.6,11,2,3808.6,3810.0,5,1
2023-06-29 14:54:32.574880,-3.599999999999909,-2.200000000000273,0.0,0.0,3806.4,3806.6,11,2,3808.8,3810.0,1,1
2023-06-29 14:54:34.297217,-3.599999999999909,-2.0,0.0,0.0,3806.4,3806.8,4,1,3808.8,3810.0,1,1
2023-06-29 14:54:34.940376,-3.199999999999818,-1.800000000000182,0.0,0.0,3806.8,3807.0,2,9,3808.8,3810.0,1,2
2023-06-29 14:54:35.051939,-3.800000000000182,-2.400000000000091,0.0,0.0,3806.2,3806.4,16,1,3808.8,3810.0,1,2
2023-06-29 14:54:35.538749,-3.800000000000182,-2.599999999999909,0.0,0.0,3806.2,3806.4,16,1,3809.0,3810.0,1,1
2023-06-29 14:54:36.090582,-3.800000000000182,-2.400000000000091,0.0,0.0,3806.2,3806.4,14,1,3808.8,3810.0,1,1
2023-06-29 14:54:36.092044,-3.800000000000182,-2.0,0.0,0.0,3806.2,3806.8,13,3,3808.8,3810.0,1,1
2023-06-29 14:54:36.821038,-3.599999999999909,-2.0,0.0,0.0,3806.4,3806.8,1,4,3808.8,3810.0,1,1
2023-06-29 14:54:36.976313,-3.800000000000182,-2.0,0.0,0.0,3806.2,3806.8,14,2,3808.8,3810.0,1,1
2023-06-29 14:54:37.877239,-3.599999999999909,-2.0,0.0,0.0,3806.4,3806.8,2,2,3808.8,3810.0,1,1
2023-06-29 14:54:38.035834,-3.599999999999909,-1.800000000000182,0.0,0.0,3806.4,3807.0,2,7,3808.8,3810.0,1,1
2023-06-29 14:54:38.761005,-3.599999999999909,-2.0,0.0,0.0,3806.4,3807.0,2,7,3809.0,3810.0,1,1
2023-06-29 14:54:39.481345,-3.800000000000182,-2.0,0.0,0.0,3806.2,3807.0,14,6,3809.0,3810.0,1,1
2023-06-29 14:54:39.995944,-3.800000000000182,-1.800000000000182,0.0,0.0,3806.2,3807.0,14,6,3808.8,3810.0,1,1
2023-06-29 14:54:40.347970,-3.400000000000091,-1.800000000000182,0.0,0.0,3806.6,3807.0,1,6,3808.8,3810.0,1,1
2023-06-29 14:54:40.751139,-3.400000000000091,-2.0,0.0,0.0,3806.6,3806.8,2,1,3808.8,3810.0,1,1
2023-06-29 14:54:40.977752,-3.599999999999909,-1.800000000000182,0.0,0.0,3806.4,3807.0,4,6,3808.8,3810.0,1,1
2023-06-29 14:54:41.817083,-3.599999999999909,-2.0,0.0,0.0,3806.4,3806.8,3,1,3808.8,3810.0,1,1
2023-06-29 14:54:42.511413,-3.599999999999909,-2.200000000000273,0.0,0.0,3806.4,3806.6,2,9,3808.8,3810.0,1,1
2023-06-29 14:54:44.546998,-3.599999999999909,-3.200000000000273,0.0,0.0,3806.4,3806.6,1,8,3809.8,3810.0,1,1
2023-06-29 14:54:44.997635,-3.599999999999909,-2.200000000000273,0.0,0.0,3806.4,3806.6,1,8,3808.8,3810.0,1,1
2023-06-29 14:54:45.477361,-3.400000000000091,-2.200000000000273,0.0,0.0,3806.4,3806.6,1,8,3808.8,3809.8,1,1
2023-06-29 14:54:46.012550,-3.599999999999909,-2.200000000000273,0.0,0.0,3806.4,3806.6,1,6,3808.8,3810.0,1,1
2023-06-29 14:54:47.006294,-3.599999999999909,-2.0,0.0,0.0,3806.4,3806.8,3,1,3808.8,3810.0,1,1
2023-06-29 14:54:47.800430,-3.599999999999909,-1.800000000000182,0.0,0.0,3806.4,3807.0,5,8,3808.8,3810.0,1,1
2023-06-29 14:54:47.970520,-3.599999999999909,-2.0,0.0,0.0,3806.4,3807.0,5,8,3809.0,3810.0,1,1
2023-06-29 14:54:47.972525,-3.599999999999909,-2.199999999999818,0.0,0.0,3806.4,3806.8,5,1,3809.0,3810.0,1,1
2023-06-29 14:54:48.752481,-3.599999999999909,-2.0,0.0,0.0,3806.4,3807.0,9,8,3809.0,3810.0,1,1
2023-06-29 14:54:49.024132,-3.400000000000091,-2.0,0.0,0.0,3806.4,3807.0,9,8,3809.0,3809.8,1,1
2023-06-29 14:54:49.027202,-3.200000000000273,-2.0,0.0,0.0,3806.6,3807.0,1,8,3809.0,3809.8,1,1
2023-06-29 14:54:49.493908,-3.400000000000091,-2.0,0.0,0.0,3806.4,3807.0,10,8,3809.0,3809.8,1,1
2023-06-29 14:54:49.977901,-3.599999999999909,-2.0,0.0,0.0,3806.4,3807.0,10,8,3809.0,3810.0,1,1
2023-06-29 14:54:50.325537,-3.599999999999909,-2.400000000000091,0.0,0.0,3806.4,3806.6,10,1,3809.0,3810.0,1,1
2023-06-29 14:54:51.267980,-3.599999999999909,-2.199999999999818,0.0,0.0,3806.4,3806.8,11,3,3809.0,3810.0,1,1
2023-06-29 14:54:51.478361,-3.400000000000091,-2.199999999999818,0.0,0.0,3806.4,3806.8,11,3,3809.0,3809.8,1,1
2023-06-29 14:54:53.529070,-3.200000000000273,-2.199999999999818,0.0,0.0,3806.6,3806.8,2,5,3809.0,3809.8,1,1
2023-06-29 14:54:54.806226,-3.400000000000091,-2.199999999999818,0.0,0.0,3806.6,3806.8,5,6,3809.0,3810.0,1,1
2023-06-29 14:54:55.560346,-3.400000000000091,-2.0,0.0,0.0,3806.6,3807.0,6,8,3809.0,3810.0,1,1
2023-06-29 14:54:56.494894,-3.400000000000091,-2.199999999999818,0.0,0.0,3806.6,3807.0,6,8,3809.2,3810.0,1,1
2023-06-29 14:54:57.268331,-3.400000000000091,-2.399999999999636,0.0,0.0,3806.6,3806.8,6,1,3809.2,3810.0,1,1
2023-06-29 14:54:58.984001,-3.400000000000091,-2.199999999999818,0.0,0.0,3806.6,3807.0,6,6,3809.2,3810.0,1,1
2023-06-29 14:55:00.071202,-3.599999999999909,-2.199999999999818,0.0,0.0,3806.4,3807.0,14,6,3809.2,3810.0,1,1
2023-06-29 14:55:00.747913,-3.400000000000091,-2.199999999999818,0.0,0.0,3806.6,3807.0,2,4,3809.2,3810.0,1,1
2023-06-29 14:55:01.389439,-3.400000000000091,-2.0,0.0,0.0,3806.6,3807.2,3,3,3809.2,3810.0,1,1
2023-06-29 14:55:01.857949,-3.0,-2.0,0.0,0.0,3807.0,3807.2,2,3,3809.2,3810.0,1,1
2023-06-29 14:55:02.031309,-3.0,-2.200000000000273,0.0,0.0,3807.0,3807.2,2,3,3809.4,3810.0,1,1
2023-06-29 14:55:02.033343,-2.599999999999909,-1.800000000000182,0.0,0.0,3807.4,3807.6,1,6,3809.4,3810.0,1,1
2023-06-29 14:55:02.647126,-2.799999999999727,-1.800000000000182,0.0,0.0,3807.4,3807.6,1,6,3809.4,3810.2,1,1
2023-06-29 14:55:03.165203,-2.799999999999727,-2.0,0.0,0.0,3807.4,3807.6,1,6,3809.6,3810.2,1,1
2023-06-29 14:55:03.750470,-3.400000000000091,-2.0,0.0,0.0,3807.4,3807.6,3,9,3809.6,3810.8,1,2
2023-06-29 14:55:03.752594,-4.0,-2.199999999999818,0.0,0.0,3806.8,3807.4,2,3,3809.6,3810.8,1,2
2023-06-29 14:55:04.260485,-3.799999999999727,-1.7999999999997272,0.0,1.0,3806.8,3807.4,2,3,3809.2,3810.6,5,1
2023-06-29 14:55:04.614720,-3.599999999999909,-1.7999999999997272,0.0,1.0,3807.0,3807.4,3,2,3809.2,3810.6,5,1
2023-06-29 14:55:04.619742,-3.599999999999909,-2.0,0.0,0.0,3807.0,3807.4,3,2,3809.4,3810.6,1,1
2023-06-29 14:55:04.924192,-4.0,-2.0,0.0,0.0,3806.6,3807.4,4,3,3809.4,3810.6,1,1
2023-06-29 14:55:05.089269,-3.799999999999727,-2.200000000000273,0.0,0.0,3806.8,3807.2,2,1,3809.4,3810.6,1,1
2023-06-29 14:55:05.553884,-3.599999999999909,-2.200000000000273,0.0,0.0,3806.8,3807.2,2,1,3809.4,3810.4,1,1
2023-06-29 14:55:05.902895,-3.800000000000182,-2.200000000000273,0.0,0.0,3806.6,3807.2,4,2,3809.4,3810.4,1,1
2023-06-29 14:55:06.100306,-3.400000000000091,-2.200000000000273,0.0,0.0,3807.0,3807.2,1,1,3809.4,3810.4,1,1
2023-06-29 14:55:06.587780,-3.599999999999909,-2.200000000000273,0.0,0.0,3806.8,3807.2,1,1,3809.4,3810.4,1,1
2023-06-29 14:55:07.138007,-3.599999999999909,-2.400000000000091,0.0,0.0,3806.8,3807.2,1,1,3809.6,3810.4,1,1
2023-06-29 14:55:07.142016,-3.599999999999909,-2.199999999999818,0.0,0.0,3806.8,3807.4,1,2,3809.6,3810.4,1,1
2023-06-29 14:55:07.641331,-3.599999999999909,-2.0,0.0,0.0,3806.8,3807.6,1,8,3809.6,3810.4,1,1
2023-06-29 14:55:08.183378,-3.599999999999909,-1.599999999999909,0.0,1.0,3806.8,3807.6,1,8,3809.2,3810.4,5,1
2023-06-29 14:55:08.186361,-3.400000000000091,-1.7999999999997272,0.0,0.0,3807.0,3807.4,2,1,3809.2,3810.4,5,1
2023-06-29 14:55:08.829362,-3.800000000000182,-1.800000000000182,0.0,0.0,3807.0,3807.6,1,8,3809.4,3810.8,2,2
2023-06-29 14:55:09.438159,-3.400000000000091,-1.800000000000182,0.0,0.0,3807.2,3807.6,1,8,3809.4,3810.6,2,1
2023-06-29 14:55:09.812762,-3.400000000000091,-2.0,0.0,0.0,3807.2,3807.4,2,1,3809.4,3810.6,2,1
2023-06-29 14:55:10.112217,-3.400000000000091,-1.800000000000182,0.0,0.0,3807.2,3807.6,2,8,3809.4,3810.6,2,1
2023-06-29 14:55:10.640598,-3.400000000000091,-2.0,0.0,0.0,3807.2,3807.6,2,8,3809.6,3810.6,1,1
2023-06-29 14:55:11.114430,-3.400000000000091,-2.200000000000273,0.0,0.0,3807.2,3807.6,2,7,3809.8,3810.6,1,1
2023-06-29 14:55:11.161449,-3.400000000000091,-2.400000000000091,0.0,0.0,3807.2,3807.4,4,1,3809.8,3810.6,1,1
2023-06-29 14:55:11.659092,-3.400000000000091,-2.200000000000273,0.0,0.0,3807.2,3807.6,5,6,3809.8,3810.6,1,1
2023-06-29 14:55:12.328542,-3.199999999999818,-2.0,0.0,0.0,3807.4,3807.8,2,10,3809.8,3810.6,1,1
2023-06-29 14:55:12.583894,-3.400000000000091,-2.0,0.0,0.0,3807.4,3807.8,2,10,3809.8,3810.8,1,2
2023-06-29 14:55:12.656933,-3.600000000000364,-2.200000000000273,0.0,0.0,3807.2,3807.6,3,1,3809.8,3810.8,1,2
2023-06-29 14:55:13.001942,-3.400000000000091,-2.200000000000273,0.0,0.0,3807.2,3807.6,3,1,3809.8,3810.6,1,1
2023-06-29 14:55:13.543789,-3.600000000000364,-2.200000000000273,0.0,0.0,3807.2,3807.6,3,1,3809.8,3810.8,1,2
2023-06-29 14:55:13.855434,-3.400000000000091,-2.0,0.0,0.0,3807.4,3807.8,1,7,3809.8,3810.8,1,2
2023-06-29 14:55:14.470672,-3.600000000000364,-2.0,0.0,0.0,3807.2,3807.8,4,6,3809.8,3810.8,1,2
2023-06-29 14:55:14.865413,-3.0,-1.800000000000182,0.0,0.0,3807.8,3808.0,4,16,3809.8,3810.8,1,2
2023-06-29 14:55:15.037421,-3.0,-2.0,0.0,0.0,3807.8,3808.0,4,16,3810.0,3810.8,2,2
2023-06-29 14:55:15.782112,-3.400000000000091,-2.0,0.0,0.0,3807.4,3808.0,1,15,3810.0,3810.8,2,2
2023-06-29 14:55:16.558764,-3.400000000000091,-1.800000000000182,0.0,0.0,3807.4,3808.0,1,15,3809.8,3810.8,1,2
2023-06-29 14:55:16.919156,-3.0,-1.800000000000182,0.0,0.0,3807.8,3808.0,1,3,3809.8,3810.8,1,2
2023-06-29 14:55:17.003308,-2.800000000000182,-1.800000000000182,0.0,0.0,3808.0,3808.2,8,8,3810.0,3810.8,2,2
2023-06-29 14:55:17.480038,-2.800000000000182,-2.0,0.0,0.0,3808.0,3808.2,8,8,3810.2,3810.8,1,2
2023-06-29 14:55:18.048665,-3.200000000000273,-2.199999999999818,0.0,0.0,3807.6,3808.0,1,5,3810.2,3810.8,1,2
2023-06-29 14:55:18.546997,-3.400000000000091,-2.199999999999818,0.0,0.0,3807.4,3808.0,1,4,3810.2,3810.8,1,2
2023-06-29 14:55:19.077300,-3.400000000000091,-1.800000000000182,0.0,0.0,3807.4,3808.0,1,4,3809.8,3810.8,1,2
2023-06-29 14:55:19.080303,-3.200000000000273,-1.800000000000182,0.0,0.0,3807.6,3808.0,1,3,3809.8,3810.8,1,2
2023-06-29 14:55:19.581280,-3.200000000000273,-2.0,0.0,0.0,3807.6,3808.0,1,3,3810.0,3810.8,1,2
2023-06-29 14:55:20.250088,-3.400000000000091,-1.800000000000182,0.0,0.0,3807.4,3808.2,1,11,3810.0,3810.8,1,2
2023-06-29 14:55:20.904112,-3.200000000000273,-2.0,0.0,0.0,3807.6,3808.0,4,1,3810.0,3810.8,1,2
2023-06-29 14:55:21.037414,-3.200000000000273,-2.199999999999818,0.0,0.0,3807.6,3807.8,3,1,3810.0,3810.8,1,2
2023-06-29 14:55:21.735724,-3.200000000000273,-1.800000000000182,0.0,0.0,3807.6,3808.2,3,11,3810.0,3810.8,1,2
2023-06-29 14:55:22.549507,-3.200000000000273,-2.0,0.0,0.0,3807.6,3808.0,3,1,3810.0,3810.8,1,2
2023-06-29 14:55:23.867830,-3.200000000000273,-1.800000000000182,0.0,0.0,3807.6,3808.2,3,10,3810.0,3810.8,1,2
2023-06-29 14:55:24.977730,-3.400000000000091,-1.800000000000182,0.0,0.0,3807.4,3808.2,1,14,3810.0,3810.8,1,2
2023-06-29 14:55:25.512262,-3.400000000000091,-1.6000000000003638,0.0,0.0,3807.4,3808.2,1,14,3809.8,3810.8,1,2
2023-06-29 14:55:25.516262,-3.400000000000091,-1.800000000000182,0.0,0.0,3807.4,3808.0,1,1,3809.8,3810.8,1,2
2023-06-29 14:55:26.061874,-3.400000000000091,-1.6000000000003638,0.0,0.0,3807.4,3808.2,1,14,3809.8,3810.8,1,2
2023-06-29 14:55:27.322626,-3.200000000000273,-2.0,0.0,0.0,3807.6,3808.0,2,1,3810.0,3810.8,1,2
2023-06-29 14:55:27.999381,-3.200000000000273,-1.800000000000182,0.0,0.0,3807.6,3808.2,4,14,3810.0,3810.8,1,2
2023-06-29 14:55:29.283439,-2.800000000000182,-1.800000000000182,0.0,0.0,3808.0,3808.2,1,15,3810.0,3810.8,1,2
2023-06-29 14:55:32.550782,-2.800000000000182,-2.0,0.0,0.0,3808.0,3808.2,9,5,3810.2,3810.8,1,2
2023-06-29 14:55:34.575869,-2.800000000000182,-1.7999999999997272,0.0,0.0,3808.0,3808.4,7,1,3810.2,3810.8,1,2
2023-06-29 14:55:35.131832,-2.800000000000182,-2.0,0.0,0.0,3808.0,3808.4,7,1,3810.4,3810.8,1,2
2023-06-29 14:55:36.049136,-2.600000000000364,-2.0,0.0,0.0,3808.2,3808.4,1,1,3810.4,3810.8,1,2
2023-06-29 14:55:36.560735,-2.400000000000091,-1.800000000000182,0.0,0.0,3808.4,3808.6,4,3,3810.4,3810.8,1,2
2023-06-29 14:55:37.061870,-2.600000000000364,-2.0,0.0,0.0,3808.2,3808.4,3,2,3810.4,3810.8,1,2
2023-06-29 14:55:38.462280,-2.800000000000182,-2.200000000000273,0.0,0.0,3808.0,3808.2,2,1,3810.4,3810.8,1,2
2023-06-29 14:55:39.023233,-2.800000000000182,-1.6000000000003638,0.0,0.0,3808.0,3808.2,2,2,3809.8,3810.8,1,2
2023-06-29 14:55:39.617703,-2.800000000000182,-1.800000000000182,0.0,0.0,3808.0,3808.2,2,2,3810.0,3810.8,1,2
2023-06-29 14:55:40.572386,-3.600000000000364,-2.599999999999909,0.0,0.0,3807.2,3807.4,1,1,3810.0,3810.8,1,2
2023-06-29 14:55:40.959832,-3.400000000000091,-2.0,0.0,0.0,3807.2,3807.4,1,1,3809.4,3810.6,1,1
2023-06-29 14:55:41.551962,-3.600000000000364,-2.199999999999818,0.0,0.0,3807.2,3807.4,1,1,3809.6,3810.8,2,2
2023-06-29 14:55:41.553931,-2.800000000000182,-1.400000000000091,0.0,0.0,3808.0,3808.2,1,12,3809.6,3810.8,2,2
2023-06-29 14:55:42.058504,-2.800000000000182,-1.6000000000003638,0.0,0.0,3808.0,3808.2,1,12,3809.8,3810.8,1,2
2023-06-29 14:55:42.406461,-3.200000000000273,-1.800000000000182,0.0,0.0,3807.6,3808.0,1,11,3809.8,3810.8,1,2
2023-06-29 14:55:43.518593,-3.0,-1.400000000000091,0.0,0.0,3807.6,3808.0,2,12,3809.4,3810.6,1,1
2023-06-29 14:55:43.519578,-3.199999999999818,-1.800000000000182,0.0,0.0,3807.4,3807.6,5,1,3809.4,3810.6,1,1
2023-06-29 14:55:44.025410,-3.199999999999818,-1.599999999999909,0.0,0.0,3807.4,3807.6,5,1,3809.2,3810.6,5,1
2023-06-29 14:55:44.060413,-3.799999999999727,-1.3999999999996362,0.0,1.0,3806.8,3807.8,3,10,3809.2,3810.6,5,1
2023-06-29 14:55:44.645638,-3.599999999999909,-1.800000000000182,0.0,0.0,3807.0,3807.6,5,9,3809.4,3810.6,1,1
2023-06-29 14:55:45.199686,-3.599999999999909,-2.0,0.0,0.0,3807.0,3807.4,3,1,3809.4,3810.6,1,1
2023-06-29 14:55:45.852990,-3.400000000000091,-2.0,0.0,0.0,3807.2,3807.4,1,3,3809.4,3810.6,1,1
2023-06-29 14:55:46.008566,-3.200000000000273,-2.0,0.0,0.0,3807.2,3807.4,1,3,3809.4,3810.4,1,1
2023-06-29 14:55:46.558966,-3.400000000000091,-2.0,0.0,0.0,3807.0,3807.4,2,12,3809.4,3810.4,1,1
2023-06-29 14:55:47.068063,-3.599999999999909,-2.0,0.0,0.0,3807.0,3807.4,2,12,3809.4,3810.6,1,1
2023-06-29 14:55:47.497069,-3.400000000000091,-2.0,0.0,0.0,3807.0,3807.4,2,12,3809.4,3810.4,1,1
2023-06-29 14:55:49.765890,-3.200000000000273,-2.0,0.0,0.0,3807.2,3807.6,4,4,3809.6,3810.4,1,1
2023-06-29 14:55:50.050254,-3.400000000000091,-2.200000000000273,0.0,0.0,3807.2,3807.6,4,4,3809.8,3810.6,1,1
2023-06-29 14:55:50.844273,-3.199999999999818,-2.200000000000273,0.0,0.0,3807.4,3807.6,2,3,3809.8,3810.6,1,1
2023-06-29 14:55:51.561849,-3.199999999999818,-2.0,0.0,0.0,3807.4,3807.8,1,11,3809.8,3810.6,1,1
2023-06-29 14:55:52.194169,-3.400000000000091,-2.400000000000091,0.0,0.0,3807.2,3807.4,4,4,3809.8,3810.6,1,1
2023-06-29 14:55:53.010757,-3.400000000000091,-2.199999999999818,0.0,0.0,3807.2,3807.4,4,4,3809.6,3810.6,1,1
2023-06-29 14:55:53.081309,-3.199999999999818,-1.7999999999997272,0.0,0.0,3807.4,3807.8,1,10,3809.6,3810.6,1,1
2023-06-29 14:55:54.035926,-3.199999999999818,-1.599999999999909,0.0,0.0,3807.4,3808.0,1,16,3809.6,3810.6,1,1
2023-06-29 14:55:54.771366,-3.199999999999818,-2.0,0.0,0.0,3807.4,3807.6,1,1,3809.6,3810.6,1,1
2023-06-29 14:55:55.089075,-3.0,-2.0,0.0,0.0,3807.4,3807.6,1,1,3809.6,3810.4,1,1
2023-06-29 14:55:55.091076,-3.0,-1.7999999999997272,0.0,0.0,3807.4,3807.8,2,1,3809.6,3810.4,1,1
2023-06-29 14:55:55.528664,-3.199999999999818,-1.7999999999997272,0.0,0.0,3807.4,3807.8,2,1,3809.6,3810.6,1,1
2023-06-29 14:55:56.003027,-2.799999999999727,-1.599999999999909,0.0,0.0,3807.8,3808.0,1,6,3809.6,3810.6,1,1
2023-06-29 14:55:56.618438,-3.199999999999818,-2.0,0.0,0.0,3807.4,3807.8,1,1,3809.8,3810.6,1,1
2023-06-29 14:55:57.057266,-3.199999999999818,-1.7999999999997272,0.0,0.0,3807.4,3807.8,1,1,3809.6,3810.6,1,1
2023-06-29 14:55:57.060258,-3.599999999999909,-1.599999999999909,0.0,0.0,3807.0,3808.0,11,7,3809.6,3810.6,1,1
2023-06-29 14:55:57.699245,-3.199999999999818,-1.7999999999997272,0.0,0.0,3807.4,3807.8,2,5,3809.6,3810.6,1,1
2023-06-29 14:55:58.978544,-3.199999999999818,-1.599999999999909,0.0,0.0,3807.4,3808.0,1,8,3809.6,3810.6,1,1
2023-06-29 14:55:59.498565,-3.199999999999818,-0.8000000000001819,0.0,0.0,3807.4,3808.0,1,8,3808.8,3810.6,1,1
2023-06-29 14:55:59.850630,-3.0,-1.0,0.0,0.0,3807.6,3807.8,1,1,3808.8,3810.6,1,1
2023-06-29 14:55:59.940639,-3.0,-1.3999999999996362,0.0,0.0,3807.6,3807.8,1,1,3809.2,3810.6,1,1
2023-06-29 14:55:59.942637,-3.0,-1.199999999999818,0.0,0.0,3807.6,3808.0,1,8,3809.2,3810.6,1,1
2023-06-29 14:56:00.704121,-3.0,-1.599999999999909,0.0,0.0,3807.6,3808.0,1,8,3809.6,3810.6,1,1
2023-06-29 14:56:00.742156,-3.199999999999818,-1.599999999999909,0.0,0.0,3807.4,3808.0,1,4,3809.6,3810.6,1,1
2023-06-29 14:56:01.032656,-3.199999999999818,-1.800000000000182,0.0,0.0,3807.4,3808.0,1,4,3809.8,3810.6,1,1
2023-06-29 14:56:01.384874,-3.0,-1.800000000000182,0.0,0.0,3807.6,3808.0,4,1,3809.8,3810.6,1,1
2023-06-29 14:56:01.531254,-3.0,-2.0,0.0,0.0,3807.6,3808.0,4,1,3810.0,3810.6,1,1
2023-06-29 14:56:01.891284,-3.0,-1.800000000000182,0.0,0.0,3807.6,3808.2,3,12,3810.0,3810.6,1,1
2023-06-29 14:56:02.574602,-3.0,-2.0,0.0,0.0,3807.6,3808.2,4,1,3810.2,3810.6,1,1
2023-06-29 14:56:02.576565,-2.599999999999909,-2.0,0.0,0.0,3808.0,3808.2,1,1,3810.2,3810.6,1,1
2023-06-29 14:56:03.271097,-3.400000000000091,-2.199999999999818,0.0,0.0,3807.2,3808.0,4,1,3810.2,3810.6,1,1
2023-06-29 14:56:04.055599,-3.0,-2.199999999999818,0.0,0.0,3807.6,3808.0,2,1,3810.2,3810.6,1,1
2023-06-29 14:56:04.510275,-3.0,-1.800000000000182,0.0,0.0,3807.6,3808.0,2,1,3809.8,3810.6,1,1
2023-06-29 14:56:04.850938,-2.599999999999909,-1.6000000000003638,0.0,0.0,3808.0,3808.2,3,3,3809.8,3810.6,1,1
2023-06-29 14:56:05.074375,-2.599999999999909,-1.800000000000182,0.0,0.0,3808.0,3808.2,3,3,3810.0,3810.6,2,1
2023-06-29 14:56:05.078313,-2.400000000000091,-1.599999999999909,0.0,0.0,3808.2,3808.4,6,13,3810.0,3810.6,2,1
2023-06-29 14:56:05.680658,-2.600000000000364,-1.599999999999909,0.0,0.0,3808.2,3808.4,6,13,3810.0,3810.8,2,2
2023-06-29 14:56:07.014245,-3.400000000000091,-1.400000000000091,0.0,0.0,3808.4,3808.6,7,15,3810.0,3811.8,2,1
2023-06-29 14:56:07.073374,-3.199999999999818,-1.800000000000182,0.0,0.0,3808.4,3808.6,7,15,3810.4,3811.6,1,1
2023-06-29 14:56:08.054261,-3.400000000000091,-1.800000000000182,0.0,0.0,3808.2,3808.6,13,7,3810.4,3811.6,1,1
2023-06-29 14:56:08.590572,-3.400000000000091,-2.0,0.0,0.0,3808.2,3808.4,5,3,3810.4,3811.6,2,1
2023-06-29 14:56:09.430989,-3.799999999999727,-2.0,0.0,0.0,3807.8,3808.4,2,3,3810.4,3811.6,2,1
2023-06-29 14:56:09.972595,-4.400000000000091,-3.0,0.0,0.0,3807.2,3807.4,4,1,3810.4,3811.6,1,1
2023-06-29 14:56:10.238763,-4.400000000000091,-1.599999999999909,0.0,0.0,3807.2,3807.4,4,1,3809.0,3811.6,1,1
2023-06-29 14:56:10.243904,-4.199999999999818,-0.8000000000001819,0.0,0.0,3807.4,3808.2,1,4,3809.0,3811.6,1,1
2023-06-29 14:56:10.744482,-3.799999999999727,-1.2000000000002728,0.0,0.0,3807.4,3808.2,1,4,3809.4,3811.2,2,1
2023-06-29 14:56:10.748505,-3.799999999999727,-1.599999999999909,0.0,0.0,3807.4,3807.8,11,9,3809.4,3811.2,2,1
2023-06-29 14:56:11.214292,-3.599999999999909,-1.7999999999997272,0.0,0.0,3807.4,3807.8,11,9,3809.6,3811.0,2,1
2023-06-29 14:56:11.510840,-3.599999999999909,-2.0,0.0,0.0,3807.4,3807.6,10,2,3809.6,3811.0,2,1
2023-06-29 14:56:11.621432,-3.400000000000091,-2.200000000000273,0.0,0.0,3807.4,3807.6,10,2,3809.8,3810.8,1,1
2023-06-29 14:56:11.722601,-3.200000000000273,-2.0,0.0,0.0,3807.6,3807.8,1,1,3809.8,3810.8,1,1
2023-06-29 14:56:12.199908,-3.400000000000091,-2.199999999999818,0.0,0.0,3807.6,3807.8,1,1,3810.0,3811.0,1,1
2023-06-29 14:56:12.236906,-3.199999999999818,-2.0,0.0,0.0,3807.8,3808.0,1,3,3810.0,3811.0,1,1
2023-06-29 14:56:12.726977,-3.400000000000091,-2.199999999999818,0.0,0.0,3807.6,3808.0,1,3,3810.2,3811.0,1,1
2023-06-29 14:56:13.459070,-3.400000000000091,-2.399999999999636,0.0,0.0,3807.6,3807.8,1,2,3810.2,3811.0,1,1
2023-06-29 14:56:13.621660,-3.200000000000273,-2.399999999999636,0.0,0.0,3807.6,3807.8,1,2,3810.2,3810.8,1,1
2023-06-29 14:56:14.432834,-3.400000000000091,-2.399999999999636,0.0,0.0,3807.4,3807.8,11,1,3810.2,3810.8,1,1
2023-06-29 14:56:14.987814,-3.799999999999727,-2.399999999999636,0.0,0.0,3807.4,3807.8,11,2,3810.2,3811.2,1,2
2023-06-29 14:56:15.038795,-3.399999999999636,-2.199999999999818,0.0,0.0,3807.8,3808.0,8,5,3810.2,3811.2,1,2
2023-06-29 14:56:15.552474,-3.199999999999818,-2.199999999999818,0.0,0.0,3807.8,3808.0,8,5,3810.2,3811.0,1,1
2023-06-29 14:56:15.555472,-3.599999999999909,-2.399999999999636,0.0,0.0,3807.4,3807.8,7,2,3810.2,3811.0,1,1
2023-06-29 14:56:15.980850,-4.0,-2.399999999999636,0.0,0.0,3807.0,3807.8,9,1,3810.2,3811.0,1,1
2023-06-29 14:56:16.524987,-4.0,-1.599999999999909,0.0,0.0,3807.0,3807.8,9,1,3809.4,3811.0,1,1
2023-06-29 14:56:16.527969,-3.800000000000182,-1.800000000000182,0.0,0.0,3807.2,3807.6,2,4,3809.4,3811.0,1,1
2023-06-29 14:56:17.051337,-3.800000000000182,-2.0,0.0,1.0,3807.2,3807.6,2,4,3809.6,3811.0,3,1
2023-06-29 14:56:17.053316,-4.0,-2.0,0.0,1.0,3807.0,3807.6,4,3,3809.6,3811.0,3,1
2023-06-29 14:56:17.555070,-3.800000000000182,-2.199999999999818,0.0,1.0,3807.2,3807.4,1,2,3809.6,3811.0,4,1
2023-06-29 14:56:18.094340,-3.600000000000364,-2.199999999999818,0.0,1.0,3807.2,3807.4,1,2,3809.6,3810.8,4,2
2023-06-29 14:56:18.438441,-3.400000000000091,-2.0,0.0,1.0,3807.4,3807.6,2,5,3809.6,3810.8,4,2
2023-06-29 14:56:19.500861,-3.599999999999909,-2.0,0.0,1.0,3807.4,3807.6,2,6,3809.6,3811.0,4,2
2023-06-29 14:56:20.071012,-3.400000000000091,-2.0,0.0,1.0,3807.4,3807.6,1,6,3809.6,3810.8,4,1
2023-06-29 14:56:21.295269,-3.600000000000364,-2.199999999999818,0.0,0.0,3807.2,3807.4,3,1,3809.6,3810.8,4,1
2023-06-29 14:56:22.358391,-3.400000000000091,-2.0,0.0,1.0,3807.4,3807.6,1,10,3809.6,3810.8,4,1
2023-06-29 14:56:22.540359,-3.800000000000182,-2.199999999999818,0.0,1.0,3807.0,3807.4,3,5,3809.6,3810.8,3,1
2023-06-29 14:56:23.039685,-3.800000000000182,-2.400000000000091,0.0,0.0,3807.0,3807.2,3,1,3809.6,3810.8,2,2
2023-06-29 14:56:23.758433,-3.800000000000182,-2.199999999999818,0.0,0.0,3807.0,3807.4,4,3,3809.6,3810.8,1,2
2023-06-29 14:56:24.060690,-3.600000000000364,-2.199999999999818,0.0,0.0,3807.2,3807.4,1,4,3809.6,3810.8,1,2
2023-06-29 14:56:24.588989,-3.400000000000091,-2.199999999999818,0.0,0.0,3807.2,3807.4,1,4,3809.6,3810.6,1,2
2023-06-29 14:56:24.589968,-3.599999999999909,-2.199999999999818,0.0,0.0,3807.0,3807.4,2,4,3809.6,3810.6,1,2
2023-06-29 14:56:25.031483,-3.400000000000091,-2.199999999999818,0.0,0.0,3807.0,3807.4,2,4,3809.6,3810.4,1,1
2023-06-29 14:56:25.571325,-3.400000000000091,-2.0,0.0,0.0,3807.0,3807.4,2,4,3809.4,3810.4,1,1
2023-06-29 14:56:25.574324,-3.200000000000273,-2.0,0.0,0.0,3807.2,3807.4,1,4,3809.4,3810.4,1,1
2023-06-29 14:56:26.037100,-3.200000000000273,-1.599999999999909,0.0,0.0,3807.2,3807.4,1,4,3809.0,3810.4,1,1
2023-06-29 14:56:26.040438,-3.400000000000091,-1.599999999999909,0.0,0.0,3807.0,3807.4,2,3,3809.0,3810.4,1,1
2023-06-29 14:56:26.560628,-3.400000000000091,-1.7999999999997272,0.0,1.0,3807.0,3807.4,2,3,3809.2,3810.4,3,1
2023-06-29 14:56:27.190215,-3.599999999999909,-1.7999999999997272,0.0,1.0,3806.8,3807.4,4,3,3809.2,3810.4,3,1
2023-06-29 14:56:27.511129,-3.400000000000091,-1.7999999999997272,0.0,1.0,3807.0,3807.4,2,5,3809.2,3810.4,3,1
2023-06-29 14:56:28.030394,-3.400000000000091,-2.0,0.0,0.0,3807.0,3807.4,2,5,3809.4,3810.4,1,1
2023-06-29 14:56:29.050298,-3.400000000000091,-1.7999999999997272,0.0,0.0,3807.0,3807.4,1,5,3809.2,3810.4,1,1
2023-06-29 14:56:29.384180,-3.599999999999909,-1.7999999999997272,0.0,0.0,3806.8,3807.4,4,4,3809.2,3810.4,1,1
2023-06-29 14:56:29.529466,-3.599999999999909,-2.0,0.0,0.0,3806.8,3807.4,5,6,3809.4,3810.4,2,1
2023-06-29 14:56:30.121416,-3.599999999999909,-1.7999999999997272,0.0,0.0,3806.8,3807.4,5,6,3809.2,3810.4,1,1
2023-06-29 14:56:30.736985,-3.599999999999909,-2.199999999999818,0.0,0.0,3806.8,3807.0,2,1,3809.2,3810.4,1,1
2023-06-29 14:56:31.112846,-3.399999999999636,-2.0,0.0,0.0,3806.8,3807.0,2,1,3809.0,3810.2,1,1
2023-06-29 14:56:31.476545,-3.199999999999818,-1.599999999999909,0.0,0.0,3806.8,3807.4,2,6,3809.0,3810.0,1,1
2023-06-29 14:56:34.425574,-3.0,-1.599999999999909,0.0,0.0,3807.0,3807.4,1,5,3809.0,3810.0,1,1
2023-06-29 14:56:35.901033,-3.199999999999818,-1.599999999999909,0.0,0.0,3806.8,3807.4,2,5,3809.0,3810.0,1,1
2023-06-29 14:56:36.844704,-3.199999999999818,-1.800000000000182,0.0,0.0,3806.8,3807.2,4,2,3809.0,3810.0,1,1
2023-06-29 14:56:37.921586,-3.0,-1.800000000000182,0.0,0.0,3806.8,3807.2,4,2,3809.0,3809.8,1,1
2023-06-29 14:56:38.350184,-2.600000000000364,-1.599999999999909,0.0,0.0,3807.2,3807.4,1,4,3809.0,3809.8,1,1
2023-06-29 14:56:39.375636,-3.400000000000091,-1.599999999999909,0.0,0.0,3807.2,3807.4,1,4,3809.0,3810.6,1,4
2023-06-29 14:56:39.860415,-3.799999999999727,-1.800000000000182,1.0,0.0,3806.8,3807.2,3,1,3809.0,3810.6,1,4
2023-06-29 14:56:41.417893,-3.599999999999909,-1.800000000000182,1.0,0.0,3806.8,3807.2,3,1,3809.0,3810.4,1,3
2023-06-29 14:56:43.342785,-3.400000000000091,-1.800000000000182,0.0,0.0,3807.0,3807.2,1,1,3809.0,3810.4,1,3
2023-06-29 14:56:45.370207,-3.400000000000091,-1.599999999999909,0.0,0.0,3807.0,3807.4,1,5,3809.0,3810.4,1,2
2023-06-29 14:56:47.341985,-3.0,-2.0,0.0,0.0,3807.0,3807.4,1,5,3809.4,3810.0,1,1
2023-06-29 14:56:47.345032,-3.199999999999818,-2.200000000000273,0.0,0.0,3806.8,3807.2,2,5,3809.4,3810.0,1,1
2023-06-29 14:56:51.377982,-3.399999999999636,-1.800000000000182,0.0,0.0,3806.8,3807.2,2,5,3809.0,3810.2,1,1
2023-06-29 14:56:53.892540,-3.399999999999636,-2.0,0.0,0.0,3806.8,3807.2,6,5,3809.2,3810.2,1,1
2023-06-29 14:56:53.894539,-3.599999999999909,-2.399999999999636,0.0,0.0,3806.6,3806.8,5,1,3809.2,3810.2,1,1
2023-06-29 14:56:58.355490,-3.0,-1.7999999999997272,0.0,0.0,3806.6,3806.8,5,1,3808.6,3809.6,1,1
2023-06-29 14:56:58.357511,-3.400000000000091,-1.599999999999909,0.0,0.0,3806.2,3807.0,5,5,3808.6,3809.6,1,1
2023-06-29 14:57:01.161727,-3.200000000000273,-1.599999999999909,0.0,0.0,3806.2,3807.0,5,5,3808.6,3809.4,1,1
2023-06-29 14:57:01.165709,-3.400000000000091,-1.7999999999997272,0.0,0.0,3806.0,3806.8,14,9,3808.6,3809.4,1,1
2023-06-29 14:57:01.376686,-3.0,-1.7999999999997272,0.0,0.0,3806.4,3806.8,3,8,3808.6,3809.4,1,1
2023-06-29 14:57:01.555011,-3.0,-1.599999999999909,0.0,0.0,3806.4,3807.0,4,8,3808.6,3809.4,1,1
2023-06-29 14:57:01.663078,-3.799999999999727,-1.800000000000182,0.0,0.0,3806.4,3807.0,4,8,3808.8,3810.2,1,2
2023-06-29 14:57:01.665078,-3.599999999999909,-2.0,0.0,0.0,3806.6,3806.8,2,3,3808.8,3810.2,1,2
2023-06-29 14:57:02.015314,-3.400000000000091,-2.0,1.0,0.0,3806.6,3806.8,2,3,3808.8,3810.0,2,3
2023-06-29 14:57:02.838544,-3.400000000000091,-1.800000000000182,1.0,0.0,3806.6,3807.0,2,7,3808.8,3810.0,2,3
2023-06-29 14:57:03.238656,-3.200000000000273,-1.800000000000182,0.0,0.0,3806.6,3807.0,2,7,3808.8,3809.8,2,1
2023-06-29 14:57:03.277447,-3.400000000000091,-1.800000000000182,0.0,0.0,3806.4,3807.0,3,8,3808.8,3809.8,2,1
2023-06-29 14:57:03.723218,-3.0,-1.800000000000182,0.0,0.0,3806.6,3807.0,1,8,3808.8,3809.6,2,1
2023-06-29 14:57:04.637815,-2.400000000000091,-1.800000000000182,0.0,0.0,3806.6,3807.0,1,6,3808.8,3809.0,1,1
2023-06-29 14:57:04.639799,-2.599999999999909,-2.0,0.0,0.0,3806.4,3806.8,3,1,3808.8,3809.0,1,1
2023-06-29 14:57:05.204591,-3.600000000000364,-1.7999999999997272,0.0,0.0,3806.2,3806.8,9,1,3808.6,3809.8,1,1
2023-06-29 14:57:05.959162,-3.400000000000091,-1.800000000000182,1.0,1.0,3806.2,3807.0,10,12,3808.8,3809.6,4,4
2023-06-29 14:57:06.046187,-3.199999999999818,-2.0,0.0,0.0,3806.4,3806.8,1,1,3808.8,3809.6,2,4
2023-06-29 14:57:07.231987,-3.199999999999818,-2.200000000000273,0.0,1.0,3806.4,3806.6,1,3,3808.8,3809.6,3,2
2023-06-29 14:57:08.972904,-3.400000000000091,-2.200000000000273,0.0,0.0,3806.2,3806.6,10,1,3808.8,3809.6,3,2
2023-06-29 14:57:10.010440,-3.400000000000091,-2.0,0.0,0.0,3806.2,3806.6,10,1,3808.6,3809.6,1,2
2023-06-29 14:57:10.360251,-3.0,-1.7999999999997272,0.0,0.0,3806.6,3806.8,1,1,3808.6,3809.6,1,2
2023-06-29 14:57:10.561455,-2.800000000000182,-2.0,0.0,0.0,3806.6,3806.8,1,1,3808.8,3809.4,3,1
2023-06-29 14:57:11.020031,-3.0,-2.200000000000273,0.0,0.0,3806.4,3806.6,1,1,3808.8,3809.4,4,1
2023-06-29 14:57:11.837734,-3.200000000000273,-2.400000000000091,0.0,1.0,3806.2,3806.4,11,4,3808.8,3809.4,3,1
2023-06-29 14:57:12.483746,-3.200000000000273,-2.199999999999818,0.0,0.0,3806.2,3806.4,11,1,3808.6,3809.4,1,1
2023-06-29 14:57:12.485665,-3.200000000000273,-2.0,0.0,0.0,3806.2,3806.6,11,3,3808.6,3809.4,1,1
2023-06-29 14:57:13.963417,-4.800000000000182,-2.0,0.0,0.0,3806.2,3806.6,16,2,3808.6,3811.0,1,2
2023-06-29 14:57:14.310286,-4.599999999999909,-2.0,0.0,0.0,3806.4,3806.6,4,1,3808.6,3811.0,1,2
2023-06-29 14:57:14.526197,-4.0,-2.0,0.0,1.0,3806.6,3806.8,1,2,3808.8,3810.6,3,1
2023-06-29 14:57:15.006088,-3.800000000000182,-2.0,0.0,1.0,3806.6,3806.8,1,2,3808.8,3810.4,3,4
2023-06-29 14:57:15.007069,-4.0,-2.0,1.0,0.0,3806.4,3806.8,3,1,3808.8,3810.4,3,4
2023-06-29 14:57:15.467422,-3.599999999999909,-2.0,0.0,0.0,3806.4,3806.8,3,1,3808.8,3810.0,3,2
2023-06-29 14:57:15.813207,-3.599999999999909,-1.800000000000182,0.0,1.0,3806.4,3807.0,3,15,3808.8,3810.0,3,2
2023-06-29 14:57:16.083287,-3.400000000000091,-2.0,0.0,0.0,3806.4,3807.0,2,19,3809.0,3809.8,1,1
2023-06-29 14:57:17.367044,-3.400000000000091,-2.199999999999818,0.0,0.0,3806.4,3806.8,2,1,3809.0,3809.8,1,1
2023-06-29 14:57:17.959692,-3.400000000000091,-2.0,0.0,0.0,3806.4,3807.0,2,19,3809.0,3809.8,1,1
2023-06-29 14:57:18.478147,-3.600000000000364,-2.599999999999909,0.0,0.0,3806.2,3806.4,18,1,3809.0,3809.8,1,1
2023-06-29 14:57:19.985103,-3.400000000000091,-2.400000000000091,0.0,0.0,3806.4,3806.6,1,1,3809.0,3809.8,1,1
2023-06-29 14:57:20.583630,-3.600000000000364,-1.599999999999909,0.0,1.0,3806.2,3806.8,17,2,3808.4,3809.8,6,1
2023-06-29 14:57:20.993248,-3.600000000000364,-1.7999999999997272,0.0,0.0,3806.2,3806.8,17,2,3808.6,3809.8,2,1
2023-06-29 14:57:21.343394,-3.400000000000091,-2.0,0.0,0.0,3806.4,3806.6,1,1,3808.6,3809.8,2,1
2023-06-29 14:57:22.224435,-3.400000000000091,-1.7999999999997272,0.0,0.0,3806.4,3806.8,1,10,3808.6,3809.8,2,1
2023-06-29 14:57:22.683387,-3.600000000000364,-1.7999999999997272,0.0,0.0,3806.2,3806.8,16,11,3808.6,3809.8,2,1
2023-06-29 14:57:23.008960,-3.600000000000364,-2.0,0.0,0.0,3806.2,3806.8,16,11,3808.8,3809.8,1,1
2023-06-29 14:57:24.658023,-3.400000000000091,-2.200000000000273,0.0,0.0,3806.2,3806.6,13,1,3808.8,3809.6,1,1
2023-06-29 14:57:24.961507,-3.200000000000273,-2.200000000000273,0.0,0.0,3806.2,3806.6,13,1,3808.8,3809.4,1,1
2023-06-29 14:57:25.316881,-3.200000000000273,-2.400000000000091,0.0,0.0,3806.2,3806.4,13,2,3808.8,3809.4,1,1
2023-06-29 14:57:25.469145,-3.200000000000273,-2.0,0.0,1.0,3806.2,3806.4,13,2,3808.4,3809.4,6,1
2023-06-29 14:57:25.958873,-3.200000000000273,-2.199999999999818,0.0,0.0,3806.2,3806.4,12,1,3808.6,3809.4,2,1
2023-06-29 14:57:25.962475,-3.0,-2.0,0.0,0.0,3806.4,3806.6,1,1,3808.6,3809.4,2,1
2023-06-29 14:57:27.506320,-3.200000000000273,-1.7999999999997272,0.0,0.0,3806.2,3806.8,12,9,3808.6,3809.4,2,1
2023-06-29 14:57:28.267065,-3.0,-1.7999999999997272,0.0,0.0,3806.4,3806.8,1,8,3808.6,3809.4,2,1
2023-06-29 14:57:28.925603,-3.200000000000273,-1.7999999999997272,0.0,0.0,3806.2,3806.8,11,8,3808.6,3809.4,2,1
2023-06-29 14:57:29.794234,-3.0,-2.0,0.0,0.0,3806.4,3806.6,10,5,3808.6,3809.4,2,1
2023-06-29 14:57:31.046872,-3.599999999999909,-1.7999999999997272,0.0,0.0,3806.4,3806.8,11,12,3808.6,3810.0,2,1
2023-06-29 14:57:31.442488,-3.400000000000091,-1.7999999999997272,1.0,2.0,3806.4,3806.8,11,12,3808.6,3809.8,6,3
2023-06-29 14:57:31.443486,-3.400000000000091,-2.0,1.0,0.0,3806.4,3806.6,10,1,3808.6,3809.8,6,3
2023-06-29 14:57:31.964597,-3.199999999999818,-2.0,0.0,0.0,3806.4,3806.6,10,1,3808.6,3809.6,6,1
2023-06-29 14:57:31.967597,-3.0,-1.7999999999997272,0.0,2.0,3806.6,3806.8,1,10,3808.6,3809.6,6,1
2023-06-29 14:57:32.483714,-3.0,-2.0,0.0,1.0,3806.4,3806.6,12,2,3808.6,3809.4,6,1
2023-06-29 14:57:33.240072,-2.800000000000182,-1.7999999999997272,0.0,2.0,3806.6,3806.8,3,10,3808.6,3809.4,6,1
2023-06-29 14:57:33.715005,-3.0,-2.0,0.0,0.0,3806.4,3806.6,5,1,3808.6,3809.4,6,1
2023-06-29 14:57:34.352770,-2.800000000000182,-1.7999999999997272,0.0,2.0,3806.6,3806.8,1,11,3808.6,3809.4,7,1
2023-06-29 14:57:34.702841,-3.200000000000273,-2.199999999999818,0.0,1.0,3806.2,3806.4,8,3,3808.6,3809.4,7,1
2023-06-29 14:57:35.943392,-3.200000000000273,-2.0,0.0,0.0,3806.2,3806.6,5,1,3808.6,3809.4,6,1
2023-06-29 14:57:36.475516,-3.200000000000273,-2.199999999999818,0.0,1.0,3806.2,3806.4,7,2,3808.6,3809.4,6,1
2023-06-29 14:57:40.409760,-3.200000000000273,-2.0,0.0,1.0,3806.2,3806.6,1,2,3808.6,3809.4,6,1
2023-06-29 14:57:40.534715,-3.400000000000091,-2.0,0.0,0.0,3806.0,3806.6,23,1,3808.6,3809.4,6,1
2023-06-29 14:57:41.156079,-3.400000000000091,-2.199999999999818,0.0,2.0,3806.0,3806.4,22,4,3808.6,3809.4,6,1
2023-06-29 14:57:42.255405,-3.200000000000273,-2.199999999999818,0.0,1.0,3806.2,3806.4,1,3,3808.6,3809.4,4,1
2023-06-29 14:57:42.635377,-3.400000000000091,-2.199999999999818,0.0,0.0,3806.0,3806.4,21,1,3808.6,3809.4,4,1
2023-06-29 14:57:43.342155,-3.400000000000091,-2.0,0.0,1.0,3806.0,3806.6,21,4,3808.6,3809.4,4,1
2023-06-29 14:57:43.710045,-3.200000000000273,-2.199999999999818,0.0,1.0,3806.2,3806.4,1,2,3808.6,3809.4,4,1
2023-06-29 14:57:44.425491,-3.0,-2.0,0.0,1.0,3806.4,3806.6,1,5,3808.6,3809.4,4,1
2023-06-29 14:57:44.524736,-3.400000000000091,-2.199999999999818,0.0,1.0,3806.0,3806.4,19,2,3808.6,3809.4,4,1
2023-06-29 14:57:45.647132,-3.200000000000273,-2.0,0.0,1.0,3806.2,3806.6,1,5,3808.6,3809.4,4,1
2023-06-29 14:57:46.498344,-3.400000000000091,-2.0,0.0,1.0,3806.0,3806.6,16,4,3808.6,3809.4,4,1
2023-06-29 14:57:48.010777,-3.200000000000273,-2.199999999999818,0.0,0.0,3806.2,3806.4,1,1,3808.6,3809.4,4,1
2023-06-29 14:57:48.505572,-3.400000000000091,-2.400000000000091,0.0,0.0,3806.0,3806.2,16,1,3808.6,3809.4,4,1
2023-06-29 14:57:49.989718,-3.800000000000182,-2.400000000000091,0.0,1.0,3805.6,3806.2,2,3,3808.6,3809.4,4,1
2023-06-29 14:57:50.451774,-3.599999999999909,-2.200000000000273,0.0,0.0,3805.6,3806.2,2,3,3808.4,3809.2,1,2
2023-06-29 14:57:50.492757,-3.799999999999727,-2.200000000000273,0.0,0.0,3805.4,3806.2,2,6,3808.4,3809.2,1,2
2023-06-29 14:57:51.128674,-3.400000000000091,-1.599999999999909,1.0,0.0,3805.6,3806.0,2,2,3807.6,3809.0,1,3
2023-06-29 14:57:51.469804,-3.400000000000091,-1.800000000000182,1.0,0.0,3805.6,3806.0,2,2,3807.8,3809.0,2,3
2023-06-29 14:57:51.950035,-3.400000000000091,-2.0,0.0,0.0,3805.6,3805.8,1,1,3807.8,3809.0,2,3
2023-06-29 14:57:52.446791,-3.200000000000273,-2.0,0.0,0.0,3805.6,3805.8,1,1,3807.8,3808.8,4,2
2023-06-29 14:57:52.448923,-3.400000000000091,-2.200000000000273,0.0,0.0,3805.4,3805.6,1,1,3807.8,3808.8,4,2
2023-06-29 14:57:52.958339,-3.199999999999818,-2.400000000000091,0.0,0.0,3805.4,3805.6,1,1,3808.0,3808.6,1,1
2023-06-29 14:57:52.990425,-3.400000000000091,-2.400000000000091,0.0,0.0,3805.2,3805.6,9,1,3808.0,3808.6,1,1
2023-06-29 14:57:53.525010,-3.400000000000091,0.1999999999998181,0.0,0.0,3805.2,3805.6,9,1,3805.4,3808.6,3,1
2023-06-29 14:57:54.185632,-3.200000000000273,-1.400000000000091,1.0,0.0,3805.2,3805.6,9,2,3807.0,3808.4,1,4
2023-06-29 14:57:54.481862,-3.200000000000273,-1.599999999999909,1.0,1.0,3805.2,3805.6,6,3,3807.2,3808.4,5,5
2023-06-29 14:57:55.055339,-3.400000000000091,-1.599999999999909,1.0,1.0,3805.0,3805.6,9,5,3807.2,3808.4,5,5
2023-06-29 14:57:55.472916,-3.400000000000091,-1.7999999999997272,1.0,0.0,3805.0,3805.4,3,1,3807.2,3808.4,5,5
2023-06-29 14:57:55.965588,-3.400000000000091,-2.200000000000273,1.0,0.0,3805.0,3805.2,3,1,3807.4,3808.4,2,5
2023-06-29 14:57:56.733025,-3.400000000000091,-1.800000000000182,1.0,0.0,3805.0,3805.6,2,1,3807.4,3808.4,3,5
2023-06-29 14:57:56.975411,-3.200000000000273,-2.0,0.0,0.0,3805.2,3805.4,1,1,3807.4,3808.4,3,5
2023-06-29 14:57:57.779509,-3.400000000000091,-2.0,0.0,0.0,3805.0,3805.4,1,1,3807.4,3808.4,2,5
2023-06-29 14:57:57.960724,-3.400000000000091,-1.7999999999997272,0.0,0.0,3805.0,3805.4,1,1,3807.2,3808.4,3,5
2023-06-29 14:57:58.326927,-3.800000000000182,-1.7999999999997272,0.0,0.0,3804.6,3805.4,1,1,3807.2,3808.4,3,5
2023-06-29 14:57:58.534601,-3.599999999999909,-2.199999999999818,1.0,0.0,3804.8,3805.0,2,1,3807.2,3808.4,2,4
2023-06-29 14:57:58.946362,-3.800000000000182,-2.199999999999818,0.0,0.0,3804.6,3805.0,1,2,3807.2,3808.4,2,4
2023-06-29 14:57:59.525881,-3.800000000000182,-2.399999999999636,0.0,0.0,3804.6,3804.8,1,2,3807.2,3808.4,2,5
2023-06-29 14:57:59.935526,-3.599999999999909,-2.399999999999636,0.0,0.0,3804.6,3804.8,1,2,3807.2,3808.2,2,1
2023-06-29 14:58:00.502984,-3.199999999999818,-2.199999999999818,0.0,0.0,3804.8,3805.0,1,1,3807.2,3808.0,2,1
2023-06-29 14:58:00.504984,-3.599999999999909,-2.199999999999818,0.0,0.0,3804.4,3805.0,1,3,3807.2,3808.0,2,1
2023-06-29 14:58:01.240388,-4.0,-1.199999999999818,0.0,0.0,3804.0,3806.0,2,6,3807.2,3808.0,2,2
2023-06-29 14:58:01.972800,-3.400000000000091,-1.3999999999996362,0.0,0.0,3804.6,3805.8,2,11,3807.2,3808.0,2,2
2023-06-29 14:58:02.028952,-3.400000000000091,-1.599999999999909,0.0,0.0,3804.6,3805.8,2,11,3807.4,3808.0,2,2
2023-06-29 14:58:02.380761,-2.400000000000091,-1.599999999999909,0.0,0.0,3805.6,3805.8,1,8,3807.4,3808.0,2,2
2023-06-29 14:58:02.705719,-4.0,-1.7999999999997272,0.0,0.0,3805.6,3805.8,1,8,3807.6,3809.6,1,1
2023-06-29 14:58:02.741743,-4.799999999999727,-2.199999999999818,0.0,0.0,3804.8,3805.4,1,1,3807.6,3809.6,1,1
2023-06-29 14:58:03.072221,-4.0,-1.7999999999997272,0.0,0.0,3804.8,3805.4,1,1,3807.2,3808.8,2,2
2023-06-29 14:58:03.076209,-4.200000000000273,-2.399999999999636,0.0,0.0,3804.6,3804.8,6,1,3807.2,3808.8,2,2
2023-06-29 14:58:03.531820,-3.800000000000182,-2.599999999999909,0.0,0.0,3804.6,3804.8,6,1,3807.4,3808.4,1,1
2023-06-29 14:58:04.010756,-3.599999999999909,-2.199999999999818,1.0,0.0,3804.6,3804.8,3,3,3807.0,3808.2,1,3
2023-06-29 14:58:04.012758,-3.399999999999636,-1.400000000000091,0.0,0.0,3804.8,3805.6,1,6,3807.0,3808.2,1,3
2023-06-29 14:58:04.502963,-3.599999999999909,-1.599999999999909,0.0,1.0,3804.8,3805.6,1,6,3807.2,3808.4,4,1
2023-06-29 14:58:04.504944,-3.400000000000091,-2.0,0.0,1.0,3805.0,3805.2,1,2,3807.2,3808.4,4,1
2023-06-29 14:58:04.997072,-4.599999999999909,-2.0,0.0,1.0,3805.0,3805.2,1,2,3807.2,3809.6,4,1
2023-06-29 14:58:04.999088,-4.799999999999727,-2.199999999999818,0.0,0.0,3804.8,3805.0,3,1,3807.2,3809.6,4,1
2023-06-29 14:58:05.485334,-4.399999999999636,-2.199999999999818,1.0,0.0,3804.8,3805.0,3,1,3807.2,3809.2,4,7
2023-06-29 14:58:05.486332,-4.599999999999909,-2.199999999999818,1.0,0.0,3804.6,3805.0,2,1,3807.2,3809.2,4,7
2023-06-29 14:58:05.974284,-4.400000000000091,-2.199999999999818,1.0,0.0,3804.6,3805.0,2,1,3807.2,3809.0,4,4
2023-06-29 14:58:05.977285,-4.199999999999818,-1.7999999999997272,0.0,1.0,3804.8,3805.4,1,6,3807.2,3809.0,4,4
2023-06-29 14:58:06.464627,-3.799999999999727,-2.0,0.0,0.0,3804.8,3805.4,1,6,3807.4,3808.6,1,1
2023-06-29 14:58:06.490725,-3.599999999999909,-2.200000000000273,0.0,0.0,3805.0,3805.2,1,2,3807.4,3808.6,1,1
2023-06-29 14:58:06.954381,-3.400000000000091,-2.200000000000273,0.0,0.0,3805.0,3805.2,1,2,3807.4,3808.4,1,3
2023-06-29 14:58:07.302705,-3.599999999999909,-2.200000000000273,0.0,0.0,3804.8,3805.2,1,1,3807.4,3808.4,1,3
2023-06-29 14:58:07.543902,-3.800000000000182,-2.400000000000091,1.0,0.0,3804.6,3805.0,3,1,3807.4,3808.4,1,3
2023-06-29 14:58:08.053944,-3.599999999999909,-2.400000000000091,0.0,0.0,3804.6,3805.0,3,1,3807.4,3808.2,1,1
2023-06-29 14:58:08.424943,-3.399999999999636,-2.400000000000091,0.0,0.0,3804.8,3805.0,1,1,3807.4,3808.2,1,1
2023-06-29 14:58:08.907736,-3.799999999999727,-2.0,0.0,0.0,3804.4,3805.0,4,1,3807.0,3808.2,1,1
2023-06-29 14:58:09.043720,-3.799999999999727,-2.199999999999818,0.0,0.0,3804.4,3805.0,4,1,3807.2,3808.2,3,1
2023-06-29 14:58:09.404439,-3.199999999999818,-2.0,0.0,1.0,3805.0,3805.2,3,2,3807.2,3808.2,3,1
2023-06-29 14:58:09.590690,-3.799999999999727,-2.199999999999818,0.0,1.0,3804.4,3805.0,2,2,3807.2,3808.2,3,1
2023-06-29 14:58:10.058686,-4.799999999999727,-2.199999999999818,0.0,1.0,3804.4,3805.0,2,2,3807.2,3809.2,3,1
2023-06-29 14:58:10.428890,-4.399999999999636,-2.199999999999818,0.0,1.0,3804.8,3805.0,1,2,3807.2,3809.2,3,1
2023-06-29 14:58:10.512161,-4.0,-2.199999999999818,0.0,1.0,3804.8,3805.0,1,2,3807.2,3808.8,3,1
2023-06-29 14:58:10.548395,-4.600000000000364,-2.799999999999727,0.0,0.0,3804.2,3804.4,5,1,3807.2,3808.8,3,1
2023-06-29 14:58:11.196316,-4.400000000000091,-2.199999999999818,2.0,0.0,3804.2,3804.8,5,1,3807.0,3808.6,1,6
2023-06-29 14:58:11.438172,-4.0,-2.199999999999818,0.0,0.0,3804.2,3804.8,5,1,3807.0,3808.2,1,1
2023-06-29 14:58:12.011547,-3.800000000000182,-2.199999999999818,1.0,0.0,3804.2,3804.8,5,1,3807.0,3808.0,1,4
2023-06-29 14:58:12.384111,-3.800000000000182,-2.0,0.0,0.0,3804.2,3805.0,1,4,3807.0,3808.0,1,4
2023-06-29 14:58:12.463795,-3.800000000000182,-1.599999999999909,0.0,0.0,3804.2,3805.0,1,4,3806.6,3808.0,2,4
2023-06-29 14:58:12.501007,-3.599999999999909,-1.7999999999997272,1.0,0.0,3804.4,3804.8,3,8,3806.6,3808.0,2,4
2023-06-29 14:58:13.220540,-3.400000000000091,-2.0,0.0,1.0,3804.6,3804.8,1,9,3806.8,3808.0,3,4
2023-06-29 14:58:13.490546,-3.599999999999909,-2.0,0.0,1.0,3804.4,3804.8,1,9,3806.8,3808.0,3,4
2023-06-29 14:58:14.452037,-3.599999999999909,-2.199999999999818,1.0,0.0,3804.4,3804.8,2,7,3807.0,3808.0,1,3
2023-06-29 14:58:14.453037,-3.400000000000091,-2.199999999999818,0.0,0.0,3804.6,3804.8,1,7,3807.0,3808.0,1,3
2023-06-29 14:58:14.968893,-3.599999999999909,-2.199999999999818,1.0,0.0,3804.4,3804.8,3,7,3807.0,3808.0,1,3
2023-06-29 14:58:15.941613,-3.400000000000091,-2.199999999999818,0.0,0.0,3804.4,3804.8,1,7,3807.0,3807.8,1,1
2023-06-29 14:58:16.454046,-3.800000000000182,-2.199999999999818,0.0,0.0,3804.0,3804.8,6,7,3807.0,3807.8,1,2
2023-06-29 14:58:16.967493,-3.600000000000364,-2.400000000000091,0.0,0.0,3804.2,3804.6,7,6,3807.0,3807.8,1,2
2023-06-29 14:58:18.985051,-3.800000000000182,-2.800000000000182,0.0,0.0,3804.0,3804.2,11,1,3807.0,3807.8,1,2
2023-06-29 14:58:19.447922,-3.599999999999909,-2.800000000000182,1.0,0.0,3804.0,3804.2,11,1,3807.0,3807.6,1,3
2023-06-29 14:58:19.812286,-3.599999999999909,-2.400000000000091,1.0,0.0,3804.0,3804.6,12,3,3807.0,3807.6,1,3
2023-06-29 14:58:20.750440,-3.599999999999909,-2.599999999999909,1.0,0.0,3804.0,3804.4,9,2,3807.0,3807.6,1,3
2023-06-29 14:58:20.994395,-3.599999999999909,-2.199999999999818,1.0,0.0,3804.0,3804.4,9,2,3806.6,3807.6,2,3
2023-06-29 14:58:20.997312,-3.400000000000091,-2.199999999999818,0.0,0.0,3804.2,3804.4,1,1,3806.6,3807.6,2,3
2023-06-29 14:58:21.489129,-3.599999999999909,-2.199999999999818,1.0,0.0,3804.0,3804.4,9,1,3806.6,3807.6,2,3
2023-06-29 14:58:22.346078,-3.199999999999818,-2.0,0.0,0.0,3804.4,3804.6,1,5,3806.6,3807.6,2,3
2023-06-29 14:58:22.897969,-3.599999999999909,-1.7999999999997272,1.0,0.0,3804.0,3804.8,9,7,3806.6,3807.6,2,3
2023-06-29 14:58:23.304543,-3.400000000000091,-2.0,1.0,0.0,3804.2,3804.6,6,2,3806.6,3807.6,2,3
2023-06-29 14:58:23.752598,-3.400000000000091,-2.199999999999818,1.0,0.0,3804.2,3804.4,7,1,3806.6,3807.6,2,3
2023-06-29 14:58:25.514159,-3.200000000000273,-2.199999999999818,0.0,0.0,3804.2,3804.4,5,1,3806.6,3807.4,2,1
2023-06-29 14:58:25.553689,-3.200000000000273,-2.0,0.0,0.0,3804.2,3804.6,3,2,3806.6,3807.4,2,1
2023-06-29 14:58:26.357753,-3.200000000000273,-1.7999999999997272,0.0,0.0,3804.2,3804.8,1,7,3806.6,3807.4,2,1
2023-06-29 14:58:26.930214,-3.200000000000273,-2.0,0.0,0.0,3804.2,3804.6,1,1,3806.6,3807.4,2,1
2023-06-29 14:58:27.762903,-3.200000000000273,-1.7999999999997272,0.0,0.0,3804.2,3804.8,1,8,3806.6,3807.4,2,1
2023-06-29 14:58:27.953235,-3.400000000000091,-2.400000000000091,0.0,0.0,3804.0,3804.2,9,2,3806.6,3807.4,2,1
2023-06-29 14:58:29.773677,-3.400000000000091,-2.199999999999818,0.0,0.0,3804.0,3804.4,8,3,3806.6,3807.4,2,1
2023-06-29 14:58:30.762519,-3.200000000000273,-2.199999999999818,0.0,0.0,3804.2,3804.4,1,2,3806.6,3807.4,2,1
2023-06-29 14:58:30.932831,-3.599999999999909,-2.199999999999818,0.0,0.0,3803.8,3804.4,3,2,3806.6,3807.4,2,1
2023-06-29 14:58:31.765661,-4.0,-2.199999999999818,0.0,0.0,3803.8,3804.4,3,2,3806.6,3807.8,2,1
2023-06-29 14:58:32.047911,-3.199999999999818,-2.200000000000273,1.0,1.0,3804.4,3804.6,2,2,3806.8,3807.6,3,3
2023-06-29 14:58:32.452792,-3.400000000000091,-2.200000000000273,0.0,1.0,3804.4,3804.6,2,2,3806.8,3807.8,3,1
2023-06-29 14:58:32.993806,-3.400000000000091,-2.400000000000091,0.0,0.0,3804.4,3804.6,1,1,3807.0,3807.8,1,1
2023-06-29 14:58:33.356957,-3.400000000000091,-2.199999999999818,0.0,0.0,3804.4,3804.8,1,6,3807.0,3807.8,1,1
2023-06-29 14:58:33.725687,-3.600000000000364,-2.199999999999818,0.0,0.0,3804.2,3804.8,7,6,3807.0,3807.8,1,1
2023-06-29 14:58:34.197816,-3.200000000000273,-2.199999999999818,0.0,0.0,3804.6,3804.8,1,4,3807.0,3807.8,1,1
2023-06-29 14:58:34.922114,-3.600000000000364,-2.199999999999818,0.0,0.0,3804.2,3804.8,7,3,3807.0,3807.8,1,1
2023-06-29 14:58:35.005885,-3.800000000000182,-2.199999999999818,0.0,0.0,3804.2,3804.8,7,3,3807.0,3808.0,1,2
2023-06-29 14:58:35.465129,-3.600000000000364,-2.199999999999818,1.0,0.0,3804.2,3804.8,6,3,3807.0,3807.8,1,3
2023-06-29 14:58:35.807593,-3.600000000000364,-2.400000000000091,1.0,0.0,3804.2,3804.6,3,2,3807.0,3807.8,1,3
2023-06-29 14:58:35.941025,-3.600000000000364,-2.0,1.0,0.0,3804.2,3804.6,3,2,3806.6,3807.8,2,3
2023-06-29 14:58:38.454149,-3.200000000000273,-1.7999999999997272,1.0,0.0,3804.6,3804.8,2,10,3806.6,3807.8,2,3
2023-06-29 14:58:39.140480,-3.800000000000182,-2.0,1.0,1.0,3804.0,3804.8,2,10,3806.8,3807.8,3,3
2023-06-29 14:58:39.463349,-3.800000000000182,-2.199999999999818,1.0,0.0,3804.0,3804.8,2,10,3807.0,3807.8,1,3
2023-06-29 14:58:39.489366,-3.800000000000182,-2.400000000000091,1.0,0.0,3804.0,3804.6,2,1,3807.0,3807.8,1,3
2023-06-29 14:58:39.955620,-3.599999999999909,-2.400000000000091,0.0,0.0,3804.0,3804.6,2,1,3807.0,3807.6,1,1
2023-06-29 14:58:40.310942,-3.400000000000091,-2.400000000000091,0.0,0.0,3804.2,3804.6,2,1,3807.0,3807.6,1,1
2023-06-29 14:58:40.411489,-3.199999999999818,-2.400000000000091,0.0,0.0,3804.4,3804.6,1,4,3807.0,3807.6,1,1
2023-06-29 14:58:40.933480,-3.599999999999909,-2.800000000000182,0.0,0.0,3804.0,3804.2,1,1,3807.0,3807.6,1,1
2023-06-29 14:58:42.134587,-3.400000000000091,-2.400000000000091,0.0,0.0,3804.2,3804.6,3,7,3807.0,3807.6,1,1
2023-06-29 14:58:42.709809,-3.400000000000091,-2.599999999999909,0.0,0.0,3804.2,3804.4,2,1,3807.0,3807.6,1,1
2023-06-29 14:58:43.026016,-3.800000000000182,-2.599999999999909,0.0,0.0,3804.2,3804.4,2,1,3807.0,3808.0,1,2
2023-06-29 14:58:43.389225,-3.800000000000182,-2.400000000000091,0.0,0.0,3804.2,3804.6,1,10,3807.0,3808.0,1,2
2023-06-29 14:58:43.491321,-3.600000000000364,-2.400000000000091,0.0,0.0,3804.2,3804.6,1,10,3807.0,3807.8,1,3
2023-06-29 14:58:43.845943,-3.600000000000364,-2.599999999999909,0.0,0.0,3804.2,3804.4,1,1,3807.0,3807.8,1,3
2023-06-29 14:58:43.976273,-3.400000000000091,-2.400000000000091,1.0,0.0,3804.4,3804.6,2,9,3807.0,3807.8,1,3
2023-06-29 14:58:44.470090,-3.199999999999818,-2.400000000000091,0.0,0.0,3804.4,3804.6,2,9,3807.0,3807.6,1,1
2023-06-29 14:58:45.002625,-3.400000000000091,-2.400000000000091,0.0,0.0,3804.2,3804.6,1,9,3807.0,3807.6,1,1
2023-06-29 14:58:45.765374,-3.599999999999909,-2.400000000000091,0.0,0.0,3804.0,3804.6,5,10,3807.0,3807.6,1,1
2023-06-29 14:58:45.964649,-3.599999999999909,-2.0,0.0,0.0,3804.0,3804.6,5,10,3806.6,3807.6,1,1
2023-06-29 14:58:46.316033,-3.199999999999818,-2.0,0.0,0.0,3804.4,3804.6,1,6,3806.6,3807.6,1,1
2023-06-29 14:58:46.439736,-3.199999999999818,-2.200000000000273,0.0,1.0,3804.4,3804.6,1,6,3806.8,3807.6,3,1
2023-06-29 14:58:46.441721,-3.599999999999909,-2.200000000000273,0.0,1.0,3804.0,3804.6,5,6,3806.8,3807.6,3,1
2023-06-29 14:58:47.297614,-3.400000000000091,-2.200000000000273,0.0,1.0,3804.2,3804.6,1,5,3806.8,3807.6,3,1
2023-06-29 14:58:47.984612,-3.400000000000091,-2.199999999999818,0.0,0.0,3804.0,3804.4,4,7,3806.6,3807.4,1,1
2023-06-29 14:58:48.450239,-3.400000000000091,-1.199999999999818,0.0,0.0,3804.0,3804.4,4,7,3805.6,3807.4,2,1
2023-06-29 14:58:48.953034,-3.400000000000091,-2.0,0.0,0.0,3804.0,3804.4,6,7,3806.4,3807.4,1,1
2023-06-29 14:58:49.888411,-3.199999999999818,-2.0,0.0,0.0,3804.0,3804.4,6,3,3806.4,3807.2,1,1
2023-06-29 14:58:49.890435,-3.0,-2.0,0.0,0.0,3804.2,3804.4,1,3,3806.4,3807.2,1,1
2023-06-29 14:58:50.609058,-3.0,-2.199999999999818,0.0,1.0,3804.2,3804.4,1,3,3806.6,3807.2,3,1
2023-06-29 14:58:50.612072,-3.199999999999818,-2.199999999999818,0.0,1.0,3804.0,3804.4,4,4,3806.6,3807.2,3,1
2023-06-29 14:58:51.216072,-3.0,-2.199999999999818,0.0,1.0,3804.2,3804.4,1,3,3806.6,3807.2,3,1
2023-06-29 14:58:52.465695,-3.200000000000273,-2.199999999999818,0.0,1.0,3804.2,3804.4,3,4,3806.6,3807.4,3,1
2023-06-29 14:58:53.206006,-3.400000000000091,-2.400000000000091,0.0,0.0,3804.0,3804.2,4,1,3806.6,3807.4,3,1
2023-06-29 14:58:53.476122,-4.0,-2.200000000000273,2.0,0.0,3804.0,3804.2,4,1,3806.4,3808.0,1,6
2023-06-29 14:58:54.172649,-3.799999999999727,-2.199999999999818,0.0,0.0,3803.8,3804.0,8,1,3806.2,3807.6,2,1
2023-06-29 14:58:54.417184,-3.599999999999909,-2.199999999999818,1.0,0.0,3803.8,3804.0,8,1,3806.2,3807.4,2,3
2023-06-29 14:58:55.204992,-3.399999999999636,-2.199999999999818,0.0,0.0,3803.8,3804.0,8,2,3806.2,3807.2,2,1
2023-06-29 14:58:55.958754,-3.199999999999818,-2.199999999999818,0.0,0.0,3803.8,3804.0,6,2,3806.2,3807.0,2,1
2023-06-29 14:58:56.552711,-3.0,-1.7999999999997272,0.0,0.0,3804.0,3804.4,1,4,3806.2,3807.0,2,1
2023-06-29 14:58:56.934256,-3.0,-2.0,0.0,1.0,3804.0,3804.4,1,4,3806.4,3807.0,3,1
2023-06-29 14:58:58.200257,-3.599999999999909,-2.0,1.0,1.0,3804.0,3804.4,6,2,3806.4,3807.6,3,3
2023-06-29 14:58:58.703120,-3.400000000000091,-2.0,1.0,1.0,3804.0,3804.4,5,2,3806.4,3807.4,3,5
2023-06-29 14:58:58.979087,-3.200000000000273,-2.0,0.0,1.0,3804.2,3804.4,1,3,3806.4,3807.4,3,5
2023-06-29 14:59:00.550208,-3.200000000000273,-1.800000000000182,0.0,1.0,3804.2,3804.6,1,6,3806.4,3807.4,4,4
2023-06-29 14:59:01.076596,-3.0,-1.599999999999909,0.0,1.0,3804.4,3804.8,1,11,3806.4,3807.4,5,3
2023-06-29 14:59:01.598069,-3.599999999999909,-1.599999999999909,0.0,1.0,3804.4,3804.8,1,11,3806.4,3808.0,5,4
2023-06-29 14:59:02.062800,-3.400000000000091,-1.599999999999909,1.0,1.0,3804.4,3804.8,2,11,3806.4,3807.8,4,3
2023-06-29 14:59:03.028411,-3.199999999999818,-1.599999999999909,0.0,1.0,3804.4,3804.8,5,10,3806.4,3807.6,4,1
2023-06-29 14:59:03.255112,-3.199999999999818,-1.7999999999997272,0.0,0.0,3804.4,3804.8,2,10,3806.6,3807.6,1,1
2023-06-29 14:59:03.598540,-3.400000000000091,-2.0,0.0,1.0,3804.2,3804.8,1,9,3806.8,3807.6,3,1
2023-06-29 14:59:04.450400,-3.599999999999909,-2.0,0.0,0.0,3804.0,3804.8,7,7,3806.8,3807.6,2,1
2023-06-29 14:59:04.660276,-3.400000000000091,-2.200000000000273,0.0,0.0,3804.2,3804.6,4,2,3806.8,3807.6,2,1
2023-06-29 14:59:05.485152,-3.400000000000091,-2.0,0.0,0.0,3804.2,3804.8,4,7,3806.8,3807.6,2,1
2023-06-29 14:59:05.997326,-3.0,-2.0,0.0,0.0,3804.6,3804.8,1,5,3806.8,3807.6,2,1
2023-06-29 14:59:06.697560,-3.400000000000091,-2.200000000000273,0.0,0.0,3804.2,3804.6,6,1,3806.8,3807.6,2,1
2023-06-29 14:59:06.958935,-3.0,-2.0,0.0,0.0,3804.6,3804.8,1,5,3806.8,3807.6,2,1
2023-06-29 14:59:07.437935,-3.400000000000091,-2.0,0.0,0.0,3804.2,3804.8,7,1,3806.8,3807.6,2,1
2023-06-29 14:59:08.337049,-2.799999999999727,-1.800000000000182,0.0,0.0,3804.8,3805.0,1,6,3806.8,3807.6,2,1
2023-06-29 14:59:08.420825,-2.799999999999727,-2.0,0.0,0.0,3804.8,3805.0,1,6,3807.0,3807.6,2,1
2023-06-29 14:59:08.424933,-3.400000000000091,-2.0,0.0,0.0,3804.2,3805.0,8,7,3807.0,3807.6,2,1
2023-06-29 14:59:08.944211,-3.800000000000182,-1.400000000000091,0.0,0.0,3804.2,3805.0,8,7,3806.4,3808.0,1,2
2023-06-29 14:59:08.947230,-3.599999999999909,-1.599999999999909,0.0,0.0,3804.4,3804.8,2,1,3806.4,3808.0,1,2
2023-06-29 14:59:09.438630,-3.400000000000091,-1.7999999999997272,0.0,0.0,3804.4,3804.8,2,1,3806.6,3807.8,4,1
2023-06-29 14:59:09.794144,-3.200000000000273,-1.7999999999997272,0.0,0.0,3804.6,3804.8,1,1,3806.6,3807.8,4,1
2023-06-29 14:59:10.324752,-3.0,-1.599999999999909,0.0,1.0,3804.8,3805.0,3,10,3806.6,3807.8,3,1
2023-06-29 14:59:10.425953,-3.199999999999818,-1.599999999999909,0.0,1.0,3804.8,3805.0,3,10,3806.6,3808.0,3,2
2023-06-29 14:59:10.978832,-2.799999999999727,-2.0,0.0,0.0,3804.8,3805.0,1,9,3807.0,3807.6,1,1
2023-06-29 14:59:11.487668,-3.199999999999818,-2.199999999999818,0.0,0.0,3804.8,3805.0,2,9,3807.2,3808.0,2,2
2023-06-29 14:59:13.412234,-3.599999999999909,-2.399999999999636,0.0,1.0,3804.4,3804.8,1,6,3807.2,3808.0,3,2
2023-06-29 14:59:13.463264,-3.400000000000091,-2.399999999999636,0.0,0.0,3804.4,3804.8,1,6,3807.2,3807.8,1,1
2023-06-29 14:59:13.467265,-3.200000000000273,-2.399999999999636,0.0,0.0,3804.6,3804.8,1,3,3807.2,3807.8,1,1
2023-06-29 14:59:13.981238,-3.400000000000091,-2.399999999999636,0.0,0.0,3804.6,3804.8,1,3,3807.2,3808.0,1,2
2023-06-29 14:59:13.983236,-3.199999999999818,-2.0,0.0,0.0,3804.8,3805.2,9,2,3807.2,3808.0,1,2
2023-06-29 14:59:14.471822,-3.199999999999818,-2.200000000000273,0.0,0.0,3804.8,3805.2,9,2,3807.4,3808.0,2,2
2023-06-29 14:59:14.473823,-3.199999999999818,-2.400000000000091,0.0,0.0,3804.8,3805.0,8,1,3807.4,3808.0,2,2
2023-06-29 14:59:15.222176,-3.400000000000091,-2.400000000000091,0.0,0.0,3804.6,3805.0,4,1,3807.4,3808.0,2,2
2023-06-29 14:59:15.592460,-5.0,-1.199999999999818,0.0,0.0,3804.6,3805.0,4,1,3806.2,3809.6,1,1
2023-06-29 14:59:15.997823,-4.599999999999909,-1.800000000000182,0.0,0.0,3804.6,3805.0,2,1,3806.8,3809.2,1,1
2023-06-29 14:59:16.335175,-4.599999999999909,-2.0,0.0,0.0,3804.6,3804.8,3,2,3806.8,3809.2,1,1
2023-06-29 14:59:16.488404,-4.400000000000091,-2.199999999999818,1.0,1.0,3804.6,3804.8,3,2,3807.0,3809.0,4,4
2023-06-29 14:59:16.977381,-4.0,-2.199999999999818,0.0,0.0,3804.6,3804.8,3,1,3807.0,3808.6,4,1
2023-06-29 14:59:16.979380,-4.0,-2.0,0.0,0.0,3804.6,3805.0,3,1,3807.0,3808.6,4,1
2023-06-29 14:59:17.645412,-4.0,-2.400000000000091,0.0,0.0,3804.4,3804.6,5,1,3807.0,3808.4,4,1
2023-06-29 14:59:17.917610,-3.799999999999727,-2.400000000000091,0.0,0.0,3804.4,3804.6,5,1,3807.0,3808.2,4,2
2023-06-29 14:59:17.919695,-3.399999999999636,-2.0,0.0,1.0,3804.8,3805.0,1,3,3807.0,3808.2,4,2
2023-06-29 14:59:18.770443,-3.599999999999909,-2.199999999999818,0.0,1.0,3804.6,3804.8,5,2,3807.0,3808.2,5,2
2023-06-29 14:59:18.907069,-3.400000000000091,-2.199999999999818,0.0,1.0,3804.6,3804.8,5,2,3807.0,3808.0,4,1
2023-06-29 15:03:04.074627,-3,-0.4,0,1,3805.2,3805.4,2,8,3805.8,3808.2,3,1
